"1","老杨叔聊志愿填报","4.95","9900","2633","https://pic1.zhimg.com/v2-b5daa127535c1681b6c8ba7686561264_b.jpg","针对高考\考研\专业\学校\就业问题。不代查详细资料；不给系统方案；不给终极结论(因为没有)，只给建议，会尽可能帮助大家","1","823497717463519232","3405466","350676","904705","262999","13,892","816","0","0","1","966","1"
"2","袁大岛","4.93","500","16437","https://pic2.zhimg.com/c8cdf5a5b4eed4649dc1ae0500928595_b.jpg","情感纠葛、人生选择、道理分析以及事件解读有一定的处理经验。值乎推送有延迟，烦恼您耐心等待，谢谢理解！","1","726218954011328512","192448","61639","311691","94309","248","857","1","0","2","232","0"
"3","Sean Ye","4.91","19900","1126","https://pic4.zhimg.com/v2-0d8fae9c0958d4b83478dfc7f9fc383f_b.jpg","不帮改简历，不代做职业规划，千里之外的人没资格替你规划未来。如错过你的追问，请知乎私信或公众号「瞎说职场」留言追，必答","1","723821413412143104","708727","128460","694498","709796","498","85","21","0","1","366","26"
"4","黑化肥发灰","4.98","9900","2241","https://pic3.zhimg.com/v2-cd41cc44188ca7f2a9ecaa6ae4b31432_b.jpg","县市省三级公务员经历，前北京一线纸媒记者、高校行政人员。提问详细说明背景信息不要遮掩隐瞒。请勿使用苹果设备提问。","1","997195671933349888","346646","40894","147789","76939","1,299","55","8","7","1","461","8"
"5","HR-Henry陈恒","4.96","9900","271","https://pic3.zhimg.com/v2-6763e2105b34641c1ee550fbe600735e_b.jpg","外企HR/劳动法小法师（我不会每天看知乎，超过48小时未解决请私信，介意勿咨询）","1","824051826830753792","23474","5873","20633","165007","259","2","0","1","0","112","0"
"6","涛哥","4.94","19900","610","https://pic2.zhimg.com/3e4ca356c5ecd7f61df1d02bfe0d637d_b.jpg","房企人力资源总监，关注地产行业趋势，解答职业发展困惑，可回复：行业走势、购房建议、职场困惑、职业规划、求职面试、公司选择","1","732986590896340992","58683","4581","81774","71856","197","456","4","1","1","119","4"
"7","弗兰克扬","4.97","19900","864","https://pica.zhimg.com/v2-3647c81a5a6f8c02183e7f433903440b_b.jpg","尽我所知，答你所问。","1","730152110976405504","1347642","143332","571113","780121","1,006","533","28","48","1","5555","11"
"8","皮耶霍","4.92","4900","411","https://pic4.zhimg.com/v2-3a4fe6506ed60df759611979fb2a4b53_b.jpg","我是皮耶霍，经济学学士历史学硕士法学博士，西北大学讲师，五年高校人才选聘工作经历","1","723585374072340480","949584","102337","172549","155439","933","125","0","16","4","258","21"
"9","Sai WANG","4.96","9900","129","https://pic3.zhimg.com/v2-93fa55ecb32aa809ac7bdfe3d32f0076_b.jpg","擅长专利代理、职业规划，咨询前请查看https://zhuanlan.zhihu.com/p/140425073","1","738350828569522176","5741","611","10932","3570","407","39","9","5","1","40","18"
"10","安晓辉","4.94","6900","985","https://pic4.zhimg.com/v2-5e91759e7a52026418297b6b7acd12d7_b.jpg","职业规划师，可答职业选择、Offer选择、转行、职场发展等相关问题。","1","826190609831317504","149856","25319","185379","126256","1,227","240","9","8","1","31","9"
"11","小红拖拉机","4.96","9900","384","https://pic3.zhimg.com/df4318a7d28d27d3b27c0ab320fa203a_b.jpg","心理学硕士，职场、人力资源、心理学话题优秀答主","1","723825750850965504","89418","34553","203763","530978","163","33","4","0","2","212","2"
"12","铳蒙","4.97","20000","247","https://pic4.zhimg.com/3b7b5ced7_b.jpg","我是铳蒙，汽车行业从业14年，现从事人才规划，人力资源管理，职业规划，转型自我管理。","1","723189884763774976","19770","3645","9591","98172","218","21","0","3","1","142","11"
"13","你一直在玩儿","4.93","9900","489","https://pic4.zhimg.com/v2-9ea4007eec0a6635a0b278d7a65a5647_b.jpg","省属大国企办公室主任。曾在省政府办公厅、地市市委组织部工作。不说废话套话，只回答自己会的。","1","736677730929639424","80040","10876","107164","198076","164","156","0","1","1","97","2"
"14","HR雨哥","4.95","9900","370","https://pic4.zhimg.com/v2-e5baff1b9dbef92165d072152b38a4df_b.jpg","【限时特价】求职应聘，offer选择，背景调查，薪酬谈判，离职补偿等问题解答。职业规划、劳动纠纷类复杂问题可一对一电话","1","736993574255628288","166753","18993","59362","54808","1,118","206","0","11","1","692","9"
"15","幽哥","5","36600","259","https://pica.zhimg.com/v2-65b20451a66cdd07500657810c661903_b.jpg","职业经理人，创业公司股东，职业发展顾问，势商创始人，“中国价值投资”理论奠基人。解答所有百度搜不到答案的职场问题。","1","793779272601976832","129566","11547","273241","177057","362","837","7","3","1","647","0"
"16","王Nathan","5","10000","218","https://pic4.zhimg.com/v2-0bf56f1966a9bea347d696b05b936d77_b.jpg","健康经济学博士, 前IMS Health咨询师，跨国药企亚太区就职","1","835912355064987648","15101","3765","21784","18822","345","16","0","5","1","42","4"
"17","Steven Quant猎头","4.87","19900","75","https://pic1.zhimg.com/v2-5f23a8c6a04cade18c48d7510210fef4_b.jpg","中国大陆金融行业猎头—高级顾问(海外回国就业与国内工作咨询)，Offer选择，专业选择，公司背景简历建议与离职，竞业协议","1","825804642754633728","1636","541","3943","8779","151","60","0","9","1","40","6"
"18","钟绿","4.81","1500","22","https://pic3.zhimg.com/v2-2d7770adb5046d1e50c8763b355fe5c6_b.jpg","航空面试","1","925878371450224640","213999","24485","48969","27600","420","3","1","2","0","24","6"
"19","周召","4.94","10000","112","https://pic2.zhimg.com/4351af29d_b.jpg","金融名公","1","787322411694592000","268812","48890","228085","321110","493","35","0","14","1","781","45"
"20","林老师咨询","4.87","19900","275","https://pic1.zhimg.com/v2-917ebc4b6741e32b8d98270a48db7024_b.jpg","清华金融硕士毕业。擅长择校、求职、创业、简历、计划书。银行投行任职。曾经跨专业保研、创业、公募基金、VC、银行对公经理","1","769245273070256128","2982","617","11051","7118","345","115","0","0","3","0","1"
"21","猴子","4.98","9900","232","https://pic2.zhimg.com/v2-12ef91a3f1e91e70bd3480d755e058b1_b.jpg","职场问题或修改简历,付费后赠送两个福利：1）赠送价值299元的“求职秘籍”2）加入职场交流群，职位内推等","1","723237550113697792","103610","36002","409304","155106","429","371","32","0","5","380","0"
"22","alex","4.96","4500","1507","https://pic2.zhimg.com/v2-0d687b20d33d3b9c55032679225b4029_b.jpg","主答应届生求职、考研跨考等问题。","1","731630496546578432","81787","15243","86277","32596","67","64","0","0","1","44","4"
"23","霍华德","4.97","10000","388","https://pic3.zhimg.com/9478b8318b2d6cbc774144483b4ac13e_b.jpg","自然语言处理及ML相关问题；留学DIY，新加坡留学，可咨询ECE/ME/MSE等学科。学业咨询，转行咨询。高考志愿咨询。","1","901926162601766912","382800","38266","155278","158630","820","53","1","35","2","829","17"
"24","杨毅","4.92","200000","238","https://pic2.zhimg.com/4b3ff171f64003cd86d5756423f32bdd_b.jpg","不要一上来就问我方向问题，这是一个复杂的决策过程，值乎上的三言两语根本解答不了你那么多的疑问。","1","723598741193371648","92712","35265","209497","113932","5,544","50","0","19","1","110","12"
"25","盗道導","5","20000","47","https://pic3.zhimg.com/v2-6f6bed7e99f170c9110b44b8258d0966_b.jpg","请加我微信zhihu_daodaodao，语音通话20分钟，直接沟通，才更能给你针对性建议。不接受支付币付费。","1","882688734624100352","16761","2758","21688","50475","226","72","0","1","1","182","4"
"26","三金","4.92","9900","134","https://pic1.zhimg.com/v2-727fb837683c5b572e48049cdd925704_b.jpg","注册会计师和律师双证持有者，就职于多家龙头金融机构。对于大学生求职、职业规划、考证和考研问题有深入见解。","1","880011756825628672","24414","9657","59165","29036","110","12","1","0","3","37","4"
"27","冰河洗剑","5","14900","84","https://pic3.zhimg.com/v2-c2b73690eda3d7ae93809804aa1dcf1e_b.jpg","资深投资经理，管理资产规模超百亿元，曾在国内 Top 2 券商研究所担任行业分析师，新财富前三，发起咨询后可继续私信问我","1","825628493122502656","14290","3626","19551","21896","131","2","0","1","1","167","2"
"28","竖琴手","4.89","19800","44","https://pic1.zhimg.com/v2-6b82e5bde37b63543da2056d9efe4894_b.jpg","大型保险资管董事总经理，10年保险资管另类投资从业经验","1","810144217123921920","324","110","298","1241","31","1","0","0","0","0","1"
"29","史蒂芬","5","9900","57","https://pic2.zhimg.com/v2-a69e9d4bcf48901a824ea8778268ee15_b.jpg","99元，求职，英语，制造业相关问题。苹果用户请加我微信stworkshop转账。咨询请留下微信，视情况和你微信直接沟通。","1","797889110336503808","242132","46577","409122","223225","485","321","0","23","1","94","0"
"30","刘洋","4.98","4900","99","https://pic2.zhimg.com/73ec9937ca4dad74f09283c5337a1679_b.jpg","牛津大学计算机博士，哈工大深圳计算机学院教师，欢迎探讨留学教育相关话题。","1","774809545158430720","21507","3762","15907","31903","96","9","2","1","1","48","2"
"31","白药葫芦","4.94","6800","125","https://pic2.zhimg.com/6106c71b153126d39721cff7ce5905ed_b.jpg","1.学习成长职场皆可问。2.文字咨询有局限，定尽力帮你，但我不是神仙，更不收智商税。3.回答时长由知乎制定，我无权改。","1","723884440568209408","197303","68251","331252","80733","63","39","0","0","1","0","0"
"32","老李校长","4.83","20000","35","https://pic3.zhimg.com/v2-ace9c377cc80366b8e54982e5abd919e_b.jpg","我还需要自我介绍？
信我就来问","1","723462132070383616","20762","4117","244966","190290","5","0","0","12","0","1","4"
"33","蔡千年","5","8800","30","https://pic1.zhimg.com/4f6b9dbd0254d90e7b312426ff8e0184_b.jpg","财务管理、并购投资；职场规划，人生经验都欢迎知乎私信提问，回答免费。","1","723426157394948096","44148","7806","45010","120818","62","73","0","3","1","113","3"
"34","菲凡","4.93","6900","443","https://pic1.zhimg.com/v2-9809258f0020c5d0ff4fd99a808c0520_b.jpg","薪酬谈判专家，十年职场，职业规划经验，资深HR。","1","792503104154255360","85270","26278","187517","255948","73","43","1","1","2","8","1"
"35","咩咩说","4.99","3800","500","https://pic1.zhimg.com/v2-5fec267fb9f9ee939c99bd9ae6b3bd64_b.jpg","请选私密提问 问题描述越详细越好","1","847577482524770304","8757","737","12263","24207","106","20","0","0","1","5","1"
"36","老杨叔聊志愿填报","4.95","9900","2633","https://pic1.zhimg.com/v2-b5daa127535c1681b6c8ba7686561264_b.jpg","针对高考\考研\专业\学校\就业问题。不代查详细资料；不给系统方案；不给终极结论(因为没有)，只给建议，会尽可能帮助大家","2","823497717463519232","3405466","350676","904705","262999","13,892","816","0","0","1","966","1"
"37","alex","4.96","4500","1507","https://pic2.zhimg.com/v2-0d687b20d33d3b9c55032679225b4029_b.jpg","主答应届生求职、考研跨考等问题。","2","731630496546578432","81787","15243","86277","32596","67","64","0","0","1","44","4"
"38","韩东燃","4.98","5800","568","https://pic3.zhimg.com/v2-8fb9290076eff1be1f3025c00e0e59ea_b.jpg","北大-哈佛-北中医，教授，回答专业选择、教育留学、亲密关系和人生规划相关问题，适合追逐智慧与梦想的你。","2","723632852851236864","613845","67252","129602","184835","1,606","71","1","73","2","60","2"
"39","皮耶霍","4.92","4900","411","https://pic4.zhimg.com/v2-3a4fe6506ed60df759611979fb2a4b53_b.jpg","我是皮耶霍，经济学学士历史学硕士法学博士，西北大学讲师，五年高校人才选聘工作经历","2","723585374072340480","949584","102337","172549","155439","933","125","0","16","4","258","21"
"40","树林同学","4.94","4900","138","https://pic3.zhimg.com/v2-b6399a928ab53199307c760a4d9cd312_b.jpg","付费咨询不回复哦","2","963897823556853760","448661","322326","946365","124481","58","1","3","1","1","91","10"
"41","数学建模老司机","4.87","5100","183","https://pic3.zhimg.com/v2-f85fdd994d7a2646c5e3aeaf3bbbbf1a_b.jpg","多次参加数学建模与数据分析竞赛获得最高奖（高教社杯+深圳杯+SAS冠军）","2","813373143686209536","96421","12473","24614","38045","917","2","0","48","0","320","1"
"42","胡老师聊自考","4.91","2000","251","https://pic1.zhimg.com/v2-e3a1dd57423c61dbc9b3de9f4fb976c4_b.jpg","南师汉语言文学自考本科毕业，累计回答自考问题1800+个，熟悉各省自考相关的知识。咨询vx:hushusheng0902","2","845359440629764096","12256","5462","34927","25325","2,016","64","0","1","1","51","34"
"43","Lulu在荷兰","4.98","20000","341","https://pic2.zhimg.com/v2-1d35bfa90e8dea4c44c16a0fb410b749_b.jpg","居荷7年，荷兰食品公司市场经理&橙梦创始人。荷兰微信公号hollandstudy，比利时微信公号studybelgium","2","879538555611942912","13920","5382","14066","11454","227","36","5","0","1","136","1"
"44","MBA方楠","4.97","10000","155","https://pic2.zhimg.com/4ff299e63811ca220068c53a2d1634a5_b.jpg","解答国内mba各类申请问题。如询问个人细节相关问题，建议提问前在我们网站或微信平台上填写你的评估资料。","2","821964057782411264","5126","945","6523","9665","336","132","1","0","1","152","0"
"45","三金","4.92","9900","134","https://pic1.zhimg.com/v2-727fb837683c5b572e48049cdd925704_b.jpg","注册会计师和律师双证持有者，就职于多家龙头金融机构。对于大学生求职、职业规划、考证和考研问题有深入见解。","2","880011756825628672","24414","9657","59165","29036","110","12","1","0","3","37","4"
"46","Yuhang Liu","4.92","5000","333","https://pic1.zhimg.com/v2-31a4ef9e4771a39c65ef34b45ae94038_b.jpg","数学博士","2","822550584438714368","484892","63457","172692","268920","3,352","37","0","44","1","319","3"
"47","向日葵伙伴郭老师","5","1000","82","https://pica.zhimg.com/v2-1d21462617a42e17136c6f5305edc387_b.jpg","","2","994715856756240384","617","95","1200","2440","134","25","0","0","1","94","0"
"48","草头萃","4.97","5000","123","https://pic4.zhimg.com/v2-32418beffa72aa6f83d1c9a1c7adc0af_b.jpg","同声传译、CATTI一级口译、外国语大学同声传、交传外聘教师；自然科学准博士","2","853888812961652736","7028","2553","15442","28280","12","15","0","2","1","9","0"
"49","栗之","4.94","3900","128","https://pic3.zhimg.com/v2-5477a6b86522a7fe567029276ccfd922_b.jpg","北大硕士，英语专业出身，专四专八和二笔证书","2","825689399055519744","749199","404931","1864731","263902","26","57","5","1","1","17","20"
"50","姜小白","4.94","3900","116","https://pic2.zhimg.com/4cf519f905ad71116f5011a48b3732dd_b.jpg","优先推荐选择隐私提问一对一，方便我回答了你补充问题。","2","738471638940516352","603284","125999","464661","207248","1,294","116","3","6","2","433","5"
"51","鬼道wk","4.89","10000","97","https://pic3.zhimg.com/4f290f4c16d56c17052681765b4c44b2_b.jpg","闲着没事干的高中生人生导师","2","876917931781533696","217004","55837","179582","34146","738","12","0","14","0","1","0"
"52","排骨","4.97","2000","1344","https://pic1.zhimg.com/3f8ef80651ce7652b11e5283808cc85c_b.png","日本留学进学权威","2","774648370588299264","302997","37225","98548","151095","7,254","355","2","3","2","26","3"
"53","幼青","4.98","1800","549","https://pica.zhimg.com/v2-3abdeb1b029a806438a9b650b5a50cfb_b.jpg","高中学习/复读咨询/高考志愿（给予关于专业的建议和分析，对志愿的相关概念解答，不代填资料，不给方案）","2","898310940959854592","66491","50064","184940","6865","5","0","0","0","0","6","23"
"54","nyydsngbs","5","3000","102","https://pica.zhimg.com/v2-c4f33c4780363d05cc5a8d2594b92ee7_b.jpg","设计学博士研究生","2","975046922364547072","5197","861","2085","1656","224","0","0","0","0","0","3"
"55","周鸿炜","5","5000","206","https://pic1.zhimg.com/e4498acf8e6deffd3dad3ed3064773fc_b.jpg","学业职业规划咨询：没有最好的学校或者公司，只有最适合自己发展的道路。希望我的专业与经验，让您少走弯路多个角度更多条路。","2","848435433510694912","6655","1212","5244","15126","180","13","0","5","3","46","10"
"56","张铁匠","4.98","6800","249","https://pic1.zhimg.com/102379b5e034d0ad3550bae6ec53c18c_b.jpg","我是商学院面试官，多年500强管理经验，略懂 MBA择校，面试，录取。咨询的朋友，请把五次提问机会充分利用，知无不言","2","724382431137775616","25709","3430","7833","37477","1,544","44","0","0","1","57","8"
"57","到处挖坑蒋玉成","4.95","2000","199","https://pic3.zhimg.com/v2-559afe48bba70ae899bca0257e120b12_b.jpg","计算机科学博士在读，擅长转行CS相关职业规划，不回答化学类专业问题","2","723927817393274880","354384","33652","49190","66156","5,268","26","0","2","2","3137","8"
"58","霍华德","4.97","10000","388","https://pic3.zhimg.com/9478b8318b2d6cbc774144483b4ac13e_b.jpg","自然语言处理及ML相关问题；留学DIY，新加坡留学，可咨询ECE/ME/MSE等学科。学业咨询，转行咨询。高考志愿咨询。","2","901926162601766912","382800","38266","155278","158630","820","53","1","35","2","829","17"
"59","Gus Goodman","4.65","30000","20","https://pic2.zhimg.com/v2-544ae63cf3d4e8067954a63d1bc0eff1_b.jpg","国家公派，牛津材料学博士，系招办半年工作经验，DIY留学干货高产王","2","951619011163697152","40633","5482","22096","26109","174","92","0","2","2","37","5"
"60","老Peter","5","16600","29","https://pic2.zhimg.com/v2-7be10a231c3ace3d285735a2447fc8c1_b.jpg","Peter叔--法国公立院校英文授课的推广者！该咨询费可折抵留学服务费噢！科普类的信息请自行扫盲，恕不提供。","2","929095380442947584","1953","433","3989","3547","1,402","116","0","0","1","81","1"
"61","刘洋","4.98","4900","99","https://pic2.zhimg.com/73ec9937ca4dad74f09283c5337a1679_b.jpg","牛津大学计算机博士，哈工大深圳计算机学院教师，欢迎探讨留学教育相关话题。","2","774809545158430720","21507","3762","15907","31903","96","9","2","1","1","48","2"
"62","Capt.折野","5","19900","16","https://pic4.zhimg.com/v2-bb70c7fa5b200dce70dc956df3481d2f_b.jpg","美国/民航飞行员/FAA飞行执照培训专家/美国私人留学定制","2","731052271474851840","45023","4833","10757","16291","594","101","15","27","3","293","4"
"63","曹贤水","4.97","6800","278","https://picb.zhimg.com/v2-6cd47ae4be0fc7d1b99099d6e09d1bab_b.jpg","我是曹贤水，人称水哥，十年美国留学咨询经验，略懂申请规划，留学竞争力提升。","2","724997455799672832","12995","3841","24659","23182","298","137","6","0","1","5","3"
"64","小早川","4.96","5000","94","https://picb.zhimg.com/v2-3d0379a42270510b45964d534360aa0b_b.jpg","暂住日本，在日谋生。日语、日本留学、日本社会文化，略知皮毛，但求抛砖引玉。","2","723595171786149888","318220","61388","231324","126703","346","246","1","2","2","725","1"
"65","柒柒呀","4.96","1500","177","https://pic1.zhimg.com/v2-f9b485c6e8ac9b97bb4d4a4940b8edf0_b.jpg","在职中直机关公务员，国考副省级上岸，前国企员工。","2","840319873316950016","102034","16545","37712","10831","28","0","0","1","0","0","0"
"66","铁匠qwer","4.92","200000","265","https://pic4.zhimg.com/v2-ac324f50103ba38ce04b6c8c33f7ab73_b.jpg","","2","910848227228651520","326425","223648","595195","92223","31","2","0","1","0","19","42"
"67","孟浩巍","5","19900","19","https://pic3.zhimg.com/v2-4835198e7bba79432a41ae6bcf6599be_b.jpg","没啥事别提问，提就提点有价值的，配得上这个价格的问题~","2","723532246606188544","71530","15692","69702","57471","343","83","0","15","1","52","33"
"68","痕量Brant","4.96","233300","24","https://pic2.zhimg.com/v2-9c3cc3f85aee66a14d4be433e3290d09_b.jpg","博士在读。","2","827248484544581632","505379","76820","182519","177229","267","34","2","2","1","41","12"
"69","dhchen","4.99","1000","86","https://pic2.zhimg.com/v2-d4f49c9f241ccfa5265c4c9716010425_b.jpg","数学博士，主攻偏微分方程和泛函分析","2","730353667550486528","1345374","125100","251178","237148","2,816","30","0","18","1","691","18"
"70","心理咨询师大萌","4.96","7800","4599","https://pic3.zhimg.com/v2-052b7eda30eb421193ef28e208986c7a_b.jpg","心理咨询师，婚恋咨询师，擅长亲密关系，人际关系，情绪管理，个人成长","3","753319691564388352","270431","82886","304641","87672","68","4","0","2","1","19","3"
"71","牛顿师兄","4.92","5000","1392","https://pic1.zhimg.com/v2-3f7f2cb79b0706cbdc46c8dc378cbda8_b.jpg","心理咨询师，擅长情感挽回、恋爱解惑、婚姻关系维护。复杂问题或苹果手机用户建议加微信咨询，苹果手机抽成太多","3","782512675757252608","226808","56699","184859","128713","610","38","33","0","3","155","47"
"72","Steve Shi","4.95","14900","1544","https://pic4.zhimg.com/v2-0851bc3af3d761322cd201eb9293b763_b.jpg","心理咨询师，心理学领域优秀答者，著有《假性亲密关系》。工作忙碌，超时未回答请再次发起提问，追问超时未回答请私信我。","3","723343323963604992","245229","80095","366012","332544","308","94","7","13","1","496","1"
"73","orangesky","4.95","9900","932","https://pic3.zhimg.com/v2-40262a7fd3fbad268d194350fd9d53c2_b.jpg","北大心理本科，美国教育心理学博士，擅长个人成长、婚姻家庭以及儿童教育咨询","3","730524327815958528","4971","1072","4451","14692","72","26","0","1","1","0","3"
"74","冯丹彤","4.96","6800","325","https://pic1.zhimg.com/v2-52ec666f4e01f2165936c1882e0ef2a8_b.jpg","资深心理咨询师、精神分析师","3","773518533299560448","31204","13671","44916","81302","28","19","0","0","1","0","0"
"75","柳柳老师","4.95","3700","5856","https://pica.zhimg.com/v2-8fe18e1b80e101330a722d54ce5ab80b_b.jpg","大学副教授、心理咨询师、妇联特约情感婚姻指导老师，擅长解答教育、情感、心理、婚姻家庭、职场社交等问题。","3","723558693630660608","460261","84224","218658","137570","428","22","1","1","2","168","26"
"76","圣范锦意","4.96","10000","1540","https://pic3.zhimg.com/v2-28b2f1fd0ed99bac45647afd7a123dea_b.jpg","我是一个善于从多个角度和不同维度看待情感问题，职场问题，同学问题，亲子问题的人。","3","724665791890354176","2795564","335569","502141","279983","6,002","108","0","56","1","2717","2"
"77","Beryl","4.95","9800","891","https://pic3.zhimg.com/v2-89525b6a18835aab471bcdc15e96dc36_b.jpg","注册心理师，回答范围为心理/情感/关系及心理咨询相关问题和释梦。如“现状/困扰是……，希望改变xx方面”","3","724163913070940160","26002","5446","11003","43613","228","8","1","18","2","300","12"
"78","甲鱼","4.93","2800","818","https://pic3.zhimg.com/v2-0e21360892427f71eec1b193665e7e5a_b.jpg","凡事想开点 实际上大多事都有办法解决，比如问问我。","3","738725131286757376","1126546","86703","104612","127915","1,320","59","2","61","2","591","4"
"79","Joey","4.91","3000","681","https://pic2.zhimg.com/v2-74573aaeadb76f274b192bab3d037531_b.jpg","男女思维分析  非专业领域不回答 请见谅","3","731056355724500992","153272","24089","72622","26978","83","3","0","3","0","50","11"
"80","李应寰","4.94","1000","1365","https://pic3.zhimg.com/f8f5b9e5f713dd3f5b9f77e14b40c02a_b.jpg","不说鸡汤，不打太极，交流之道，行为心理。北到漠河，西到羊湖，用万里路来说百卷书。很高兴遇见你。","3","757205278566387712","163824","19869","30201","20909","152","3","1","0","0","7","4"
"81","太阳照常升起","4.94","6900","645","https://pic2.zhimg.com/v2-072ac5b1e868ecfcb653252a3f3ed599_b.jpg","三甲医院的精神科医生。同时擅长药物治疗和心理治疗。尤其擅长大学生及青少年成长问题。接心理咨询个案（具体看简介）。","3","921359177715154944","118010","13802","30971","54066","262","23","0","6","1","79","0"
"82","钟杰","4.92","10000","268","https://pic2.zhimg.com/v2-0ed295dd8971395e41f90c38c1def9d1_b.jpg","心理学博士、临床心理学副教授、精神分析师","3","802270724810244096","11220","1980","13111","41568","157","36","0","1","1","105","6"
"83","心理咨询师曹怀宁","4.89","8000","480","https://pic2.zhimg.com/b44c81fb1_b.jpg","国家二级心理咨询师，女，从业7年，《婚姻与家庭》杂志特邀专家，媒体签约撰稿人。","3","872433564828971008","12513","1988","13694","73172","221","163","0","24","3","1","6"
"84","甜阁下","4.93","10000","233","https://pica.zhimg.com/5d683a4ef_b.jpg","后现代心理咨询师。一个善意的回答就是一个甜蜜的吻","3","723191841767305216","72117","28898","78177","185002","730","36","0","2","1","41","0"
"85","苟渝","4.98","3800","688","https://pic1.zhimg.com/6850f877e3c502759e790c42533bf730_b.jpg","心理咨询师，认知行为取向。提问请尽量详细，超300字数限制的，可以用便签保存图片，然后在提问里上传图片。","3","724284886717833216","69847","23984","86228","142423","1,099","3","0","1","0","61","1"
"86","田可乐","4.96","3700","542","https://pic4.zhimg.com/v2-3e838e70b7f48798505e12c015ed9ebf_b.jpg","一个善于倾听和分析的普通人。","3","800124082472484864","1052916","132389","258524","187686","587","6","5","14","0","886","11"
"87","覃宇辉","4.92","6800","495","https://pic1.zhimg.com/v2-e0e6f6bf84fcca88f1c64dedf38b9d54_b.jpg","心理咨询师，武大心理学本科，宾大教育学硕士，擅长婚恋和家庭问题。注：仅回答一次,400字左右。复杂问题请私信了解心理咨询","3","723632477905625088","85646","36545","168506","560822","211","57","0","0","1","201","3"
"88","Ivy Lee","4.9","5200","197","https://pica.zhimg.com/v2-a292eb8a11dcbb93c46f3146f32d6657_b.jpg","","3","730824102738132992","74035","16877","61057","70880","190","92","0","0","2","488","11"
"89","王漂亮","4.89","6000","375","https://pic1.zhimg.com/v2-598ec1f6781c27ab28c6725ed3ae6bf0_b.jpg","心理咨询师（calistawang）","3","734847555304710144","223211","50786","116108","159938","1,415","3","0","12","0","75","16"
"90","佘炤灼","4.97","6600","130","https://pic4.zhimg.com/v2-03663a23078a14277bce092406db3e67_b.jpg","首都师范心理咨询硕士，研究正念冥想。带经过250小时正念团体，个体咨询230人次","3","723180372682113024","83512","18256","37924","89118","1,272","47","0","65","1","5850","1"
"91","曾旻Zeng Min","4.95","9900","403","https://pic3.zhimg.com/6480bb3aca0bd2fa8594685605234066_b.jpg","北师大心理学硕士，心理咨询师，擅长人际关系、亲密关系中的困惑，情绪困扰，心理创伤，学业职场压力，抑郁、焦虑等问题。","3","723184456994664448","132838","34151","131500","329428","194","55","12","11","1","283","7"
"92","盲刺客","5","8800","43","https://pic3.zhimg.com/v2-0156aea0b0c15f4444fb3ce686d3bd1e_b.jpg","12、13年左右确诊双相，服药一年半后停药至今。已开设专栏：盲刺客的双相情感障碍","3","912457037856796672","21702","2153","16299","21270","118","112","0","0","3","265","9"
"93","解梦人","4.98","2000","91","https://pica.zhimg.com/v2-e5032f23e910e38e1b5155fd63f7bc43_b.jpg","解梦十二年，通过梦境解读自己和周围的人，采用弗洛伊德和荣格的心理学理论，解析梦境中各种意象的象征意义，著有《解梦日记》。","3","837622024661762048","980","300","388","948","125","11","0","1","2","31","2"
"94","酷炫脑","4.83","9900","105","https://pic4.zhimg.com/v2-e3844dd95322f77f36f70fd96b9f3c0b_b.jpg","耶鲁大学精神医学博士后","3","737024518110863360","275414","67015","361053","288961","430","236","12","0","1","433","0"
"95","宁静","4.91","2500","128","https://pic3.zhimg.com/v2-eb98a96c2055b1418c517f258983a982_b.jpg","精神科医生","3","730091538419306496","110594","14885","15190","61836","2,415","2","0","3","0","179","1"
"96","Pirarubicin-木木","4.92","2900","271","https://pic3.zhimg.com/v2-245065f491f1ab55050d8145a9b5e00a_b.jpg","私信直接问，不发私信直接问的一律拒绝，不帮忙猜他人心理","3","724513212933869568","371284","39875","32743","26340","430","0","3","6","0","74","21"
"97","俞林鑫","4.88","6900","149","https://pic3.zhimg.com/v2-81b4a2d518f59078de596e5fe589e42a_b.jpg","国家二级心理咨询师，中国心理学会注册心理师","3","723590713169674240","163150","66671","209820","391234","362","78","0","1","2","86","5"
"98","凡事都有解","4.84","4900","214","https://pic2.zhimg.com/v2-776d2dfc376a7a8de0c454d40e1555b1_b.jpg","我是猫爵士，略懂恋爱，情商，人际关系和心理学，在你遇到问题时可迅速帮你理清思路","3","723586654207492096","120658","23088","283585","98553","882","755","75","10","1","900","36"
"99","王雪岩","4.88","10000","127","https://pic1.zhimg.com/3549825a4_b.jpg","临床时间超过一万小时。此处的提问只可以提供一些专业信息，无法提供心理咨询服务","3","723238171751489536","80322","22058","73365","355168","139","104","0","0","1","64","0"
"100","韧心旎","4.93","29900","240","https://pic3.zhimg.com/v2-8174171e56cae4ce8760324e1569c872_b.jpg","美国心旎性格成长工作室首席咨询师 美国华盛顿注册心理咨询师","3","723183716859404288","53141","20076","57664","255171","34","24","11","4","1","217","1"
"101","李老西","4.99","10000","153","https://pic3.zhimg.com/f25be4b61d975a5db32fa9e556f5dace_b.jpg","10年经验的特教老师，多年为2-8岁特殊儿童及家庭提供咨询的经验。","3","723178617084841984","66898","15038","29207","49316","164","22","0","1","1","21","2"
"102","云云云云中鹤","4.93","3000","107","https://pic4.zhimg.com/v2-ca5a0b8d347fa4234cd509601414c90b_b.jpg","有国家颁发道士证的全真龙门玄裔焚修道士，曾任互联网资深项目经理，精通游戏行业。","3","868326475307294720","66145","9412","17490","40260","408","10","0","2","2","9","3"
"103","王怡蕊","4.93","5000","54","https://picb.zhimg.com/5d0399043_b.jpg","临床心理学家，临床心理学博士","3","844233464306884608","48667","14688","71234","552563","127","40","18","1","2","28","1"
"104","丁大龙律师","4.96","5200","6693","https://pic1.zhimg.com/v2-240c60cfe4267f7d6eef74b241aaf318_b.jpg","专职律师，擅长刑事辩护、交通事故、劳动争议等。","4","821039224961794048","160449","12330","33225","117592","404","98","7","11","1","367","3"
"105","徐斌","4.88","28800","2614","https://pic3.zhimg.com/v2-0a831f886ae110b5da2b7e7fe1bdf42a_b.jpg","房产律师 秦兵律师事务所主任 秦兵房产律师团队执行合伙人","4","723591432215986176","520517","76566","234293","452878","1,542","118","28","12","1","344","11"
"106","「已注销」","4.93","6900","571","https://pic1.zhimg.com/aadd7b895_xs.jpg","","4","738382961069527040","9","3148","0","0","0","0","0","0","0","0","0"
"107","猴子老湿","4.95","4900","3254","https://pic1.zhimg.com/v2-0ed6d73510ff4b9f26d7689eb592e6cc_b.jpg","前法官，法学硕士，近10法律实务经验，擅长民商事、执行业务，提供审判执行一体化方案。全国法学会会员。提问前请阅读值乎规则","4","966322882263162880","931900","83767","111644","519417","622","20","0","14","1","101","1"
"108","道路Master","4.99","3000","2001","https://pic2.zhimg.com/v2-ca45053831f175c7d8e86b61b7e403d5_b.jpg","受限字数限制、无法发送视频、沟通做不到及时性等情况，付费咨询只针对一般交通事故！重大事故、申请复核等复杂问题请移步微信！","4","773096325666324480","80288","7194","18098","64061","984","17","2","2","1","64","0"
"109","平骧","4.95","4900","670","https://pic1.zhimg.com/b214760357df1bda0791c7ba6fcf56f8_b.jpg","前央企法律顾问，前资深检察官，现律师。","4","803656383965839360","173652","21598","56429","134045","149","31","0","0","1","175","1"
"110","求解","4.97","9900","696","https://pic1.zhimg.com/v2-ff81a268fad32d428fb2b649a51928e8_b.jpg","浙江某中级人民法院法官，大学特邀讲师。解答各类法律问题，并给出建议。","4","723594673536389120","61175","9693","16386","67232","210","10","0","3","1","3","4"
"111","吴声威","4.96","9900","920","https://pic2.zhimg.com/v2-d537f060889e3e9dbc786d29df69b389_b.jpg","擅长婚姻、房产和互联网，坐标上海，欢迎提问。","4","759085470830321664","453358","50264","70791","147919","597","71","8","34","2","793","2"
"112","翟振轶律师","4.9","20000","187","https://pic2.zhimg.com/baea6e37989c5362c0743a8585a9aa65_b.jpg","15年警察经历，15年刑辩律师，只回答刑事问题。","4","781634980911546368","19885","629","2493","9083","485","44","0","7","1","41","6"
"113","霍sir","4.97","3000","1285","https://pic3.zhimg.com/v2-1414b9acf5f77c5cec10ebdbe4704f1e_b.jpg","一线刑警，初通侦查，略懂法律，欢迎咨询。（PS:根据知乎官方规则，提问者补充提问只有六次，请尽量把问题罗列在一次补充中）","4","730076825547452416","140498","23537","18469","74906","2,577","12","0","4","1","389","6"
"114","喃晞律师","4.98","6900","417","https://pic2.zhimg.com/v2-188521d02055a569e4db20027b24df11_b.jpg","律师职业选择、简历评估、律所求职、法科生就业、大学规划、FCPA、葡萄酒选购","4","809853690298138624","21308","4782","43443","83843","127","118","22","10","6","95","9"
"115","HR-Henry陈恒","4.96","9900","271","https://pic3.zhimg.com/v2-6763e2105b34641c1ee550fbe600735e_b.jpg","外企HR/劳动法小法师（我不会每天看知乎，超过48小时未解决请私信，介意勿咨询）","4","824051826830753792","23474","5873","20633","165007","259","2","0","1","0","112","0"
"116","袁海华律师","4.96","9900","855","https://pic4.zhimg.com/v2-ee1cc2d2e8c9593e5e0c211eab21299f_b.jpg","律师11年，有关婚姻继承、劳动工伤、交通事故，民间借贷，房屋买卖等日常法律问题，放心问，专业答！","4","790093794816176128","31899","7924","49590","77442","140","46","4","1","1","289","0"
"117","赵欣","4.98","800","439","https://pic1.zhimg.com/02a06d3639fcbfcaa54516cf300e7928_b.jpg","我是赵欣，略懂税务基础知识。","4","723266032596176896","83218","22142","71948","198404","1,321","64","0","38","2","169","5"
"118","jessiexu","4.93","3800","731","https://pic1.zhimg.com/v2-a35acbffaf9f64d595c6614e762b8c1c_b.jpg","婚姻家事律师，擅长家事法律，坐标北京。","4","723476242254295040","22872","4636","22058","67827","382","44","2","6","1","37","1"
"119","黄璞琳","4.94","8000","396","https://pic3.zhimg.com/v2-a71dbc56107668f767dd2bedac16f2fe_b.jpg","欢迎咨询消费维权、商标广告竞争执法、企业注册等法律问题。苹果税太贵太不合理，凡苹果终端咨询，恕我最多回复三次追问。","4","723279758967738368","14939","2772","12046","145148","391","410","33","6","1","373","5"
"120","赵赶鹅","4.89","3000","574","https://pic3.zhimg.com/v2-6db467f17136c9954738aa40649dd0ea_b.jpg","经济犯罪侦查，派出所，刑侦支队侵财队，重案队，现案队。精通公安业务。天才捕手计划签约作者，写作知识一流。司法考试通过。","4","804685702733377536","545875","77232","112814","142264","114","22","0","0","1","52","2"
"121","许玉友律师团队","4.86","5900","119","https://pic1.zhimg.com/v2-9f0a8bcb998bba0a461f2e51017959c0_b.jpg","为您提供专业的法律服务，平时较忙，故咨询请加我微信:xuyuyou11（只接受付费咨询，请备注知乎）","4","803982849932935168","6915","1265","12998","19718","187","182","0","0","1","93","1"
"122","高世通","4.93","9900","148","https://pic4.zhimg.com/fa52ae01c659daf08e0257a6e184a5a7_b.jpg","法律硕士，劳动监察员","4","841796655824138240","49736","10826","39557","16021","31","113","0","14","2","9","1"
"123","韩丽律师","4.99","6000","120","https://pic3.zhimg.com/v2-c96c4365616666b4435f314289bdcc9e_b.jpg","西南政法大学经济法硕士，律师，基金资格，证券资格 。","4","847020348506529792","3910","1065","3886","20515","709","33","0","0","2","9","0"
"124","Zhang Leslie","5","50000","28","https://pic3.zhimg.com/v2-2f153f40ccddeebec0ae38a7ca0ceb5e_b.jpg","我是uncleleslie，国际并购专家、国际油气收购专家、Legal 500亚太最佳公司律师之一，欢迎提问","4","723220823128674304","96733","19160","77809","150664","1,059","527","7","47","1","2091","1"
"125","胖乎律师","4.99","9900","69","https://pic1.zhimg.com/v2-dbadd9b71e964aba0bae236882472918_b.jpg","刑事律师，中国人民大学刑法方向硕士，擅长刑事辩护，企业法律风险防控。","4","838516855718154240","81364","10852","38419","72037","410","73","0","4","3","52","0"
"126","魏乐律师","4.98","9900","55","https://pic3.zhimg.com/v2-3f0c7ebc63774f678194b051d658d30e_b.jpg","前刑事法官，西南政法大学法学硕士，擅长刑事辩护，偶尔解答民事纠纷！请尽量使用非苹果手机咨询哈！复杂问题请直接WX咨询","4","921427405204262912","2033","389","630","14221","143","17","1","6","1","173","2"
"127","贺利芳律师","4.98","9900","336","https://pic1.zhimg.com/v2-80bbd0100ddf5ff1c5d864305780377c_b.jpg","北京房产专业律师，代理过几百件涉房类买卖纠纷、物业纠纷、婚姻纠纷、继承纠纷等案件","4","815491075966894080","1805","981","5769","2491","841","50","0","0","1","10","0"
"128","Ivan Wong","4.95","20000","46","https://pic1.zhimg.com/9b2542a68_b.jpg","律师，法律硕士，金融学双学位","4","866821289309007872","2307","703","1524","7138","106","1","0","15","0","1","8"
"129","律匠Matt","4.96","6800","68","https://pic1.zhimg.com/v2-382f498fe3f291fa7a5d999c2036c2d4_b.jpg","80后律师，8年执业经历，互联网电商法律领域深度观察的律界工匠。","4","726108555551178752","15294","1365","10274","33715","276","129","3","1","1","77","5"
"130","Karl Ernst","4.91","3200","248","https://pica.zhimg.com/a705fa7c316920fc3b65755fa19477f7_b.jpg","熟悉刑事诉讼法和民商法。咨询一次，请我喝杯星巴克，如果我觉得我的回答不值一杯咖啡，我就不会回答。注意一个问题只能六次补充","4","742992325751377920","87795","14145","28886","67608","945","44","0","38","1","532","3"
"131","Shaun Wong 翁磊","4.81","10000","44","https://pic3.zhimg.com/v2-dd7a27a21a86c4aca1ee777fd39a70a6_b.jpg","我是 新加坡诉讼律师，和新加坡有关的法律问题都可以问我","4","723675728738021376","24047","5280","12937","29241","1,012","48","0","0","3","1","0"
"132","王逸然","4.96","9900","165","https://pic3.zhimg.com/b0eead4d577242bc354fc334a63d8f86_b.jpg","我是王逸然律师，刑事诉讼专业律师，可以解答少数民事案件，偶尔解答离婚案件","4","723212786695421952","41447","7222","18554","77159","356","27","0","8","2","66","2"
"133","曾杰律师","5","90000","17","https://picb.zhimg.com/v2-78206b407c70f17011827b890e3c9fdf_b.jpg","广强律师事务所高级合伙人，非法集资犯罪辩护与研究中心主任","4","924918772446433280","45160","4351","10870","59113","335","272","2","4","1","461","3"
"134","逻格斯","4.88","9900","134","https://pic3.zhimg.com/v2-cf4996a628541fb2adfc9cbc0e5b0d3a_b.jpg","执业律师/职业咨询/法律咨询","4","724601210585239552","498176","57364","135471","158017","458","91","7","13","2","545","2"
"135","倪修智","4.82","20000","22","https://pic2.zhimg.com/v2-c4c4aabaa87f6180044a286f65cdead1_b.jpg","lawyer","4","723555829231386624","81718","11103","32573","110164","222","15","0","3","2","172","1"
"136","律师陈大状","4.95","900","248","https://pic4.zhimg.com/v2-e61057743e7d86d69fbeb0e59499ee53_b.jpg","24小时坐诊法律咨询台，专业、高效、保密。","4","920932066630197248","64727","5721","11998","16199","93","4","0","2","0","0","1"
"137","DeepDarkFantasy","4.99","900","6371","https://pic1.zhimg.com/v2-6f53115455d2aee40d901b90890f3790_b.jpg","48小时内回复，特别急请勿提问，问题已解决尽量给个五星啦，如果未解决.大家可以私信，或者＋微信：hiimpanda529","5","946745488259743744","12844","1917","7314","32124","575","10","1","2","0","15","7"
"138","魅惑蓝心","4.98","99900","15210","https://pic3.zhimg.com/v2-707eb937bbeb12c2b3eab1782895ff2a_b.jpg","最近忙于装修，暂时关闭付费提问，大部分问题看最近2年文章即可。","5","753024024187002880","70050","14593","138236","140447","63","65","20","0","1","696","2"
"139","DDAA117","4.97","1900","3615","https://pic3.zhimg.com/v2-15c5f192b3675a11557ca847f00995aa_b.jpg","【仅咨询台式机】咨询请告知：1、英特尔还是AMD处理器；2、预算；3、用途；4、是否含显示器；5、是否需要购买链接渠道","5","957204663133597696","98100","289","98060","173012","16","814","7","0","3","114","0"
"140","墨鱼","4.99","3000","4300","https://pica.zhimg.com/v2-8588c397ef76e531db5a16883813dc4b_b.jpg","笔记本电脑选购咨询，若误操作或其他问题请直接截图私信我，咨询也可备注付费咨询加微：CuttleTech","5","851039103863619584","294230","38987","228824","162329","838","101","27","70","2","4712","1"
"141","孤独凤凰战士","4.94","3000","1217","https://pic3.zhimg.com/v2-be54882b346f77bd5d7cb4cbe5deff6a_b.jpg","笔记本技术项目经理，从事高性能笔记本研发，同时也是硬件爱好者，致力于改变国内笔记本市场格局","5","859780166694621184","83915","8166","49605","126498","97","59","0","2","3","157","2"
"142","毅种循环","4.98","3900","1164","https://pic1.zhimg.com/v2-e4d3f8ce0fca564619f9df62369fee44_b.jpg","请详细说明预算和需求，预算请说明是单主机还是包括显示器。也可加付费咨询微信18957145045。","5","723606879204278272","273352","32513","168348","110229","1,966","186","1","18","1","257","2"
"143","木彦orz","4.95","1000","1114","https://picb.zhimg.com/v2-cc27e9296f75540ea772ef550464e043_b.jpg","咨询问题请尽量详细表达自己需求，平时要上班回复不及时请见谅。注意⚠️知乎问答🈶️次数限制，每次回复请尽量详细","5","827233368415535104","23872","1686","15055","72539","1,214","189","5","0","1","206","3"
"144","Jim Jin","4.95","5800","454","https://pic1.zhimg.com/26354e25a1306e5358655908e48b0630_b.jpg","老码农、国内国外都呆过，略懂程序员求职面试和职业规划。回答不满意的请发个微信收款码。","5","723299560843128832","63943","10702","46369","31092","403","7","2","5","1","18","2"
"145","安德鲁橙","4.92","1000","1028","https://pic3.zhimg.com/v2-1bb8742064cbdc4047a4cd38a68ba82e_b.jpg","略懂电脑硬件、网络、手机和数码产品。如非必要请不要匿名，要不然超过了时间就没法回复你…如果匿名超时可以私信我继续搞定","5","723203783147945984","42858","8387","35158","24854","1,781","96","0","8","1","94","3"
"146","夏蒙乾","4.98","3200","2222","https://pica.zhimg.com/v2-3a4fb2eedbce2471e48236c0e9a7796b_b.jpg","分享购机心得，帮助电脑小白。请说明使用需求及预算。","5","863146741124444160","204012","24618","232142","107907","797","69","0","3","1","2265","4"
"147","WhiteTraveler","4.89","800","178","https://pic1.zhimg.com/v2-4712410f9fefffd2dc7e76e2e8179ec8_b.jpg","已退硬件圈，不接受咨询见谅。","5","879000847785287680","3","0","0","8799","0","0","0","0","1","0","0"
"148","程墨Morgan","4.95","10000","323","https://pic2.zhimg.com/04d3c071d_b.jpg","资深互联网开发者","5","828707098316656640","1668597","138181","248257","1499432","7,396","56","132","30","4","3337","8"
"149","JanePot","4.98","2900","709","https://pic3.zhimg.com/v2-0aaaeb38dab097692094852ab2ff3482_b.jpg","数码产品选购。不一定很专业，但一定尽心尽力的详细解答，目前状态：加班做视频，随缘回答咨询，抱歉。","5","834668269259587584","34031","489","51149","18938","147","49","1","1","1","47","11"
"150","cotton","4.96","1500","625","https://pic3.zhimg.com/v2-ae2ec7b542e94698a72df5ba49a48bbe_b.jpg","数码极客玩家，笔记本导购/评测","5","769678049871400960","61773","7107","16215","65980","696","54","7","6","1","801","0"
"151","ailx10","4.91","2900","446","https://pic2.zhimg.com/v2-4e4ac89c527e293e04b8c5dc3404892d_b.jpg","知乎网络安全话题优秀专栏作者","5","841289155588792321","22374","3194","53801","27692","99","504","20","33","4","171","2"
"152","浮梁卖茶人","4.97","6600","772","https://pic3.zhimg.com/v2-ae635560a55192c3004f183cde11f29a_b.jpg","尽量咨询高端主机，如需要购买常规配置电脑可淘宝搜索硬件茶谈联系客服具体详谈。过往咨询时效性很强，参考价值不大，请勿旁听。","5","969611609639018496","339572","25525","330288","136384","198","77","23","9","1","785","11"
"153","Navis Li","4.93","1900","583","https://pic3.zhimg.com/v2-399e39d93b173a6b779476b32ac1d082_b.jpg","熟知消费电子行业，尤其是笔记本电脑，显示器，电视的用户体验与工业设计。","5","723243390359068672","319137","36454","140491","309664","538","203","15","87","3","2751","2"
"154","王赟 Maigo","4.97","800","281","https://pic2.zhimg.com/19ed62ad9_b.jpg","专业语音识别，业余研究语言。乐于分享学习经验，但不敢担当人生导师。","5","723836120999161856","211580","27144","103887","132239","3,595","116","0","86","1","299","48"
"155","我家智天用win8","4.97","2900","334","https://pic3.zhimg.com/v2-0238ff321ab81436e9af45f9e4dc75fa_b.jpg","硬件玩家 咨询装机请一定要把预算带上，不然无从解答。 提问前认真阅读值乎提问规则，别浪费六次回复机会。","5","960277292979769344","811","10","710","6517","10","20","0","0","0","15","0"
"156","郝艺益","4.96","4000","231","https://pic1.zhimg.com/v2-6a81a1ceedc8fb611f04b8ef33cc1e48_b.jpg","csgo职业选手，熊猫主播，fps类的游戏和电脑的问题都可以问我啦～","5","727920396543754240","438979","53749","94055","237753","6,875","390","46","33","2","166","9"
"157","梧桐雨","4.93","2500","117","https://pic1.zhimg.com/5ac436e3c_b.jpg","一个耿直的老实人","5","928373967348174848","2039","422","1818","1908","61","0","0","0","0","0","5"
"158","金旭亮","4.99","10800","276","https://pic2.zhimg.com/v2-795f1d34b08244bae0a8d71488a17ed1_b.jpg","北京理工大学计算机学院讲师","5","820389625385336832","152621","21159","64990","122030","1,075","28","0","5","1","1135","2"
"159","Theellyence","4.96","4900","100","https://pic4.zhimg.com/v2-f269dbd528b66ac9fca9e1e1df012fc3_b.jpg","不同用途个人电脑硬件配置规划与选购，以及相关领域实践经验交流分享。","5","853272855956291584","21365","1576","7530","16697","83","11","1","4","1","345","4"
"160","电脑组装大师","4.88","1000","399","https://pic3.zhimg.com/220b251cb0a62be78e786b4e6b9fb70e_b.jpg","前电脑行业从业人员，可问我关于电脑组装的一切问题。咨询条数用完了，可以继续私信与我沟通。","5","726884569160110080","1","0","0","304","5","0","0","0","0","0","1"
"161","蓝色","4.95","10000","42","https://pic4.zhimg.com/v2-2e371e75c85724c4a6906bf53550f0c3_b.jpg","略懂程序","5","723312535243083776","108502","15880","65904","87269","897","33","0","0","1","414","0"
"162","奥拉猪汪","4.99","4900","11284","https://pic4.zhimg.com/v2-1904e9b896525bd95da96ca24ea96017_b.jpg","交流买本心得，帮助电脑小白。[48小时内回复，如果很急的话，不建议提问]","5","748280398617776128","5682","550","337","45514","19","3","0","0","0","15","1"
"163","黄药师","5","19800","11","https://pic2.zhimg.com/v2-056fc96037b3a39582ee3cb22a08bc69_b.jpg","网络身份落地！各大网站个人信息加强与咨询援助！得到你想要的信息！","5","896853842791108608","6897","635","700","2799","156","2","2","2","1","11","0"
"164","墨茗","4.97","1500","713","https://pic3.zhimg.com/v2-a5aef965ad7d685def1ff053eb8456a2_b.jpg","已退坑，请勿咨询。请勿听以前回答的录音，都是空的","5","804133802870980608","4274","44","7434","13768","12","21","0","0","1","0","6"
"165","田吉顺","4.99","12500","1951","https://pic2.zhimg.com/v2-6b6512ddd0dfdb105678291dc2c48f9d_b.jpg","我是 田吉顺，略懂 妇产科。问吧！","6","723220436434817024","616136","146833","379281","1052950","505","117","0","59","1","345","7"
"166","马虫 医生","4.99","14900","4065","https://pic1.zhimg.com/v2-928bb40997855bf78aa795e2c725d25c_b.jpg","三甲医院泌尿科主治医生，医学博士，《一本书读懂前列腺》作者，熟悉早泄、阳痿、前列腺炎、尿频等泌尿男科，解答规范+情绪疏导","6","725111909719744512","60830","15340","37374","200767","39","12","2","1","1","295","4"
"167","皮肤科老徐医生","4.98","8800","2033","https://pic2.zhimg.com/v2-6c7d026ed636bf71766af29f31dc2cf5_b.jpg","@颜值科学社 创始人，海绵演讲第二期嘉宾，微信公众号：一点科普。","6","730104339292491776","49870","4815","38169","134307","1,420","191","133","9","1","1007","14"
"168","夏安","4.98","2500","3003","https://pic2.zhimg.com/v2-1eec4ca7d26f68e04c858d636a0ed395_b.jpg","感染科医生，医学博士。略懂艾滋。提问请避开min gan词，缩写代替。工作忙，回复略慢，可以私信提醒。","6","723587962356391936","61688","19763","28672","108451","55","35","0","6","1","459","1"
"169","皮肤科医生严后友","4.98","5000","1325","https://pic1.zhimg.com/v2-87c4130a62b2c426cfa35b411e196184_b.jpg","皮肤病学硕士研究生，美容皮肤科工作十余年，擅长痤疮（痘痘）、痘印、痘坑、色斑、激光美容。","6","878686743010877440","35588","4747","108918","147520","582","36","3","0","1","312","15"
"170","飒姐","4.97","5000","1877","https://pic2.zhimg.com/v2-fcffba360fb4d4d259f390549ca3b96d_b.jpg","我是飒姐，妇产科主治医师，欢迎来问。","6","744646185813282816","880158","85839","107249","200499","527","184","24","3","1","577","4"
"171","Dr.Yan","4.98","4900","632","https://pic2.zhimg.com/v2-d8ac20e584b20fb78eab0dc1e7468939_b.jpg","北大口腔博士,「口腔医学」话题优秀回答者。口腔问题均可来问，24小时内回复。","6","724347206923984896","274272","31490","71420","107608","489","8","4","0","1","343","2"
"172","风湿小医生谢榆","4.96","5900","335","https://pic1.zhimg.com/v2-aa89ddea769eb668fd8c003565fd6194_b.jpg","谢榆 江苏省中医院风湿免疫科 主治医师。提供痛风、强直性脊柱炎、类风湿、狼疮等风湿、关节病咨询与网络诊疗服务。","6","826700103313145856","38042","4548","24218","80323","450","97","84","13","1","96","2"
"173","来自星星的萌医生","4.95","10000","230","https://pic2.zhimg.com/v2-32bdc1a7c9fde53b2cbd3ec522456ca5_b.jpg","临床医学博士，内科医生，身体上的问题，可以来问我。","6","758664907666259968","523181","74425","281069","176375","566","38","0","1","1","57","3"
"174","章伟忠","4.96","100","2036","https://pic2.zhimg.com/fecf1c1ac2d6b732803e7d6cb3c734dd_b.jpg","28年眼镜业从业经验。涉及配镜处方、镜架品牌、镜架尺寸、镜片品牌、镜片参数等专业问题，请直接询问微信服务号-启明眼镜。","6","723600489823875072","72331","16742","72658","133136","5,008","46","10","0","1","430","6"
"175","康复师 于老师","4.94","8000","983","https://pic1.zhimg.com/cf768009df43d883c6ce2b85b9011a54_b.jpg","我是于老师，职业康复师 。擅长康复领域的各种问题！咨询时间有时限！如果在规定时间内没有进行完咨询，也欢迎您直接给我私信哦","6","723632770852585472","120759","46413","373209","226782","170","100","31","0","1","485","1"
"176","学金刚打飞机","4.96","3900","997","https://pic4.zhimg.com/v2-0a5e4e424d8d1c1a34de39fc85a4d65b_b.jpg","肛肠科主治医师，肛肠科硕士。匿名的童鞋，我如果没来得及回答完请私信。","6","789470887958163456","324926","33372","67672","59524","455","11","0","7","1","21","4"
"177","詹姆斯艾伦","4.99","4500","789","https://pic4.zhimg.com/v2-a7d22d0ae7de231c5fb4767d993e2e4b_b.jpg","略懂雄性脱发。微信:jamesallen1988","6","771645930926526464","150829","45389","189674","126634","391","458","0","2","1","81","1"
"178","任忍韧","4.93","4000","792","https://pic2.zhimg.com/v2-e5154b40f0a80d7718360509f6d64ca1_b.jpg","三甲医院巨蟹女妇科医师，略懂妇科、备孕、产后咨询。如果提问被系统删除，请私信我。","6","828527090096807936","20403","3699","10678","16808","106","10","0","4","0","1","0"
"179","何剑亮","4.97","5900","148","https://pic3.zhimg.com/v2-018298bd64f202d760164331302dc7c6_b.jpg","口腔全科医生，「丁香医生」科普作者，有关牙齿和口腔健康的问题来问我吧！","6","723255640281075712","36175","4999","28089","61834","79","103","0","5","1","37","5"
"180","普外科曾医生","4.93","10000","1047","https://pic4.zhimg.com/v2-114de436075a98d25a160313a2c4ad0b_b.jpg","协和医学院肿瘤学博士毕业，专注于肿瘤，胃肠病疾病，乳腺，甲状腺，疝气，痔疮等疾病的诊治，欢迎提问，我会提出专业的指导！","6","1015742928257462272","226684","3685","167610","287113","74","725","239","0","1","354","1"
"181","芋头的眼科研究所","4.95","4800","766","https://pic2.zhimg.com/e2b291bf9_b.jpg","留美眼科博士，三甲医院眼科医生。","6","745374594952613888","45489","16725","64129","120371","46","19","0","4","1","38","5"
"182","视光师金鑫","4.99","3900","1063","https://pic3.zhimg.com/cd7fd31de_b.jpg","验光技师，略懂验光配镜、隐形眼镜，视疲劳、用眼不适、关于眼镜尤其是验光的问题可以来问我！","6","723194958432968704","123654","28921","90018","232673","3,163","152","4","2","1","350","4"
"183","TNT TNT","4.98","5000","200","https://pic1.zhimg.com/f868d5906758ca93a54af03940fccee0_b.jpg","临床医学博士，前肝病科医生，可以回答一些慢乙肝相关的问题和药企相关问题。其他问题，尽量。","6","828274274354753536","238301","37657","73220","140931","452","19","1","17","1","470","6"
"184","魏玮","4.95","8100","268","https://picb.zhimg.com/eda6f46ab_b.jpg","消化内科医生。比略懂多一点儿。幽门螺杆菌、胃炎、胃癌、脂肪肝差不多的都可以想到我。","6","723253442784538624","11682","1647","11931","47580","155","45","1","14","1","311","0"
"185","李雷","4.96","9900","261","https://pic3.zhimg.com/v2-4c1aed031695ccdb058520a8e9febdd2_b.jpg","只做遗传咨询，不做疾病诊疗，内容仅供参考。","6","723642377520025600","1072300","140189","272453","405730","1,481","137","18","8","1","1750","6"
"186","一颗牙","4.93","5100","368","https://pic4.zhimg.com/v2-0cc46a686140ffc4469fe49fe2bb1a83_b.jpg","略懂吃货","6","723845107274506240","93053","15145","22573","52102","5,026","3","0","17","0","46","19"
"187","阿东","4.97","900","173","https://pic3.zhimg.com/v2-fdcb7327c5729d7cc4cd99b62c824c72_b.jpg","请私幸: HIV梅毒相关问题，行为感染概率分析抗艾滋药物副作用和选用推荐。敏感词语，容易🚫帖，请先直接私幸我，谢谢","6","947553212161572864","489","137","139","1148","98","0","0","29","0","1","36"
"188","郑罡教授","4.9","3000","213","https://pic4.zhimg.com/v2-d32d82149e096c5dee6905301c1a7d77_b.jpg","东南大学附属徐州医院皮肤科科主任，20年皮肤美容临床经验，硕士研究生导师。","6","873250133532368896","25831","3705","12450","67353","278","206","0","0","1","0","0"
"189","张四月","4.95","1800","217","https://pic4.zhimg.com/v2-5cba6e8a96564421187da33f38f71cdb_b.jpg","妇产科医师，解决女性身体焦虑，擅长避孕，阴道炎，意外怀孕，月经不调等妇科常见问题及备孕，分娩相关问题","6","903384449532723200","27709","3632","22420","22828","59","16","0","0","1","15","5"
"190","墨墨daisy","4.94","1000","199","https://pic4.zhimg.com/v2-7feeab73dbcfbb3c3796cbd550b6473f_b.jpg","","6","952641435426619392","95645","18150","73802","179005","156","11","0","0","0","12","2"
"191","医生大鹏","4.99","9900","275","https://pic3.zhimg.com/v2-92888e7b26607cef887381328e237e52_b.jpg","毕业于北京大学，三甲医院泌尿外科医生，咨询范围男科、泌尿外科、常见性传播疾病。","6","835236934665277440","61445","9163","58108","132611","91","65","0","0","1","3","0"
"192","大力","4.82","1700","297","https://picb.zhimg.com/cb1684ebe3d4d8d8ccf8deba29a72a33_b.jpg","做的妇产科的，如果是相关问题，就问吧。","6","724240997730504704","30646","13419","46292","75830","28","8","0","0","1","11","1"
"193","咖喱鸡","4.99","4900","957","https://pic3.zhimg.com/8f7860932_b.jpg","南京鼓楼医院整形外科主治医生，接收各类整形医美问题咨询，美容咨询请附高清素颜正侧面照片。同时也提供医学道路选择解析。","6","724569120422494208","626552","84546","202403","244503","193","26","0","0","2","271","9"
"194","KIKI","4.97","5000","58","https://pic3.zhimg.com/v2-42b01bf33bf607ccdda5abd0dceba68a_b.jpg","美妆 护肤 护发 美食 痘痘 痤疮 黑头 闭口 屏障受损","6","820836383097749504","178124","66604","511204","40421","39","12","0","0","1","0","29"
"195","神经木木羊","5","4000","178","https://picb.zhimg.com/v2-c9bbf1b6d42bab8e7e87d480893eb78f_b.jpg","对于脑血管疾病，颅内动脉瘤，脑血管畸形，儿童头皮裂伤，有独特的见解。","6","820206384888037376","112233","9607","9735","26852","262","36","1","3","1","236","3"
"196","皮肤科医生蔡思龙","4.92","2000","774","https://pic3.zhimg.com/v2-a4b90ab8bf5fbbdfcd18bc6fe909c16e_b.jpg","各种皮肤病、性病、皮肤美容问题咨询","6","731508130952798208","452","85","956","2314","306","30","7","6","2","208","1"
"197","肝病吴医生","5","1000","231","https://pic3.zhimg.com/v2-34afc02a66eacd42deb079ad01955ea6_b.jpg","从事乙型治疗30年，曾聘为中国全民健康扶贫协会肝病专家在全做过会诊讲座近20年，","6","765386719208943616","2274","736","1860","4726","480","11","0","2","0","22","1"
"198","风湿免疫科黄大夫","4.89","3000","217","https://pic3.zhimg.com/v2-670312210c08e89d819d5708b0152bae_b.jpg","风湿免疫科主治医师，哈佛大学医学院博士后研究员。多次受邀国内外大会发言，CCTV财经频道《职场健康课》嘉宾。","6","871169479554519040","13151","1582","13963","16816","270","203","23","7","1","20","0"
"199","孙悦礼","4.94","6600","697","https://pic3.zhimg.com/v2-5982f95ffeec7e1d03f176dd89102f5a_b.jpg","热爱科研的骨科博士，属于能把疾病说明白的人，一分钟讲不完的道理，我会在专栏用图说","6","723819305589809152","105697","16083","103789","123489","480","80","27","13","2","1300","3"
"200","肺常健康 王斌","4.96","6600","364","https://pic3.zhimg.com/v2-6249f42b8ba02217185a5b53bc7307fe_b.jpg","上海市肺科医院影像医学硕士，导师孙希文教授，解答肺结节、早期肺癌等肺部健康问题。答疑解惑，安慰情绪，资料可提问后发邮箱。","6","1016954108103671808","1534","90","3424","5816","385","40","2","7","1","4","2"
"201","锦衣夜行周公子","5","4000","224","https://pic2.zhimg.com/v2-f2b2de382c52348be7ec5cec4ef5d239_b.jpg","人头担保隐私。敏感词咨询会被删除。 也可以私❤️我。泄漏隐私头给我打爆。感谢小可爱们信任我","6","824750153637433344","198073","19465","17252","57793","98","1","0","0","0","27","3"
"202","骨往筋来","4.92","9900","336","https://pic2.zhimg.com/v2-0146da7ec3910599bd7da4988408f3b9_b.jpg","关节外科与运动医学主治医师，好大夫网站优选当地专家。","6","872822321583374336","326433","33394","132124","125846","463","121","359","3","1","162","17"
"203","Dr.NR","4.88","1500","282","https://pic3.zhimg.com/v2-77eb6e3a7dc503c77799c0d289b4d6ce_b.jpg","神经内科医师、中山大学临床医学博士、哈佛大学联合培养博士，领域：脑出血、脑梗死、癫痫、抑郁、痴呆、帕金森病、头痛、头晕。","6","875636194040500224","68082","5221","12251","19181","120","9","0","0","1","0","37"
"204","胡铭瑞","5","1000","235","https://pic2.zhimg.com/e61cb0e0dad50a84c9305e05ee403fa5_b.jpg","三甲医院心内科副主任医师，导管室主任。从事冠心病诊断治疗20年。冠脉造影放支架，高血压，心律失常。欢迎咨询。","6","876070777059942400","51379","8661","11962","12570","113","0","0","5","0","0","1"
"205","Kiki","4.99","1500","190","https://pic4.zhimg.com/v2-0606afc147dc320c07e718df2b41f74f_b.jpg","我是牙医姐姐，口腔正畸医生，口腔全科医生","6","731411802709037056","48726","6801","4438","21476","190","4","0","1","0","78","8"
"206","菲利普医生","4.86","5000","69","https://pic4.zhimg.com/v2-113684736f16bedff582ee538536109b_b.jpg","外科学硕士，外科学博士在读。整形外科临床工作两年，上海市优秀住院医师。","6","774937904009977856","717914","86174","193480","230062","460","52","5","1","2","848","15"
"207","六号牙医","4.94","2000","323","https://pic3.zhimg.com/v2-44d29bb2d0a09dc064eb752afa29a54e_b.jpg","口腔医师，擅长正畸，牙体修复，牙体牙髓，儿牙。门诊市场运营管理，非专业作家","6","819590213155319808","61024","3432","107418","58319","1,298","184","3","31","6","706","32"
"208","盐小姐不吃盐","4.9","2900","89","https://pic1.zhimg.com/v2-9a21499b28433540a8867f9faa91a530_b.jpg","肿瘤科医生","6","846435609370308608","123797","20708","44508","102718","147","11","8","0","1","334","3"
"209","Gold RIch Money","4.94","2000","82","https://picb.zhimg.com/bf7cd0afe97412d249c24f59d1134d23_b.jpg","我是 gold rich money，略懂 医疗和丽江旅游。","6","724233870211293184","452361","70055","137220","130651","929","55","10","40","1","559","5"
"210","假装在巴黎","5","12800","111","https://pic3.zhimg.com/v2-27f95d31cea7265528a9481886b968aa_b.jpg","懂一些肺ca规范化治疗/肺癌科普环境，咨询请私信","6","735858135683567616","2706","363","887","2365","1,239","59","0","7","0","155","1"
"211","邢云丽 肛肠外科","4.97","2800","117","https://pic1.zhimg.com/v2-b276e63c64f7d056bbf0bdaa42bd78f8_b.jpg","肛肠外科副主任医生。","6","827982713045782528","2692","331","4163","9854","211","84","12","0","1","395","0"
"212","皮肤医生朱岳衡","4.95","5800","247","https://pic4.zhimg.com/da592cb9f2dcc629a8cd8bd0cf9255fb_b.jpg","北京市医疗美容主诊医师、微博签约自媒体","6","759854560083709952","22591","9007","65041","26503","1,437","46","22","6","1","86","4"
"213","柏舟","4.94","6000","133","https://pic4.zhimg.com/v2-ee3fdf329ee405293a9cd39eaecacecf_b.jpg","耳鼻喉科博士，对各种耳鼻喉科疾病诊治有丰富经验。苹果端用户可以添加收藏夹微信咨询。","6","902463307150147584","269645","33616","91921","219666","552","56","0","0","0","102","7"
"214","Dr.X","4.94","9800","166","https://pica.zhimg.com/v2-ce648b2011f28013263f624e093db88f_b.jpg","医学博士，外科医生，科普作者","6","724354888737239040","501392","31071","299774","389696","749","815","274","29","5","669","11"
"215","中舟","4.94","5000","88","https://pic3.zhimg.com/v2-0591865c9ae4bfda64b137da27be9372_b.jpg","传染病学数据分析师","6","876537028081254400","6265","1323","5609","25024","141","19","0","0","1","17","3"
"216","谦谦海扶手术医师","5","30000","9","https://pic3.zhimg.com/v2-958ed00d4f86ff4b7ceea0932b9dc972_b.jpg","北京天坛普华医院海扶中心主任 复旦肿瘤医院主治医师 重庆医科大学附属医院主治医师","6","787222973915463680","643","89","631","1091","323","149","43","10","0","75","2"
"217","十四月","4.95","3900","197","https://pic2.zhimg.com/v2-2638451ce126d68907d7ffa4aec4dffd_b.jpg","皮肤性病学博士，皮肤科医生，5年临床经验。擅长各类皮肤病，医学美容，医学护肤品。网络诊断条件有限，仅提供科普咨询。","6","731095022027407360","41081","6590","13977","22523","164","3","0","3","0","52","16"
"218","肝胆外科李医生","4.93","1900","56","https://pic4.zhimg.com/v2-6e5a37ae1390d09902700c1dd10d9fd3_b.jpg","从医20年，医学硕士，副教授，意大利sassari大学医院访问学者。胆囊息肉，胆结石微创治疗，乙肝，肝癌，肝硬化治疗研究","6","982047419051147264","955","149","1045","1537","206","20","0","1","1","28","0"
"219","人中日月","5","6600","16","https://pic1.zhimg.com/v2-6ca7da7a555a2f2b5e410c2cce6af014_b.jpg","中医理论研究家，新浪微博知名健康养生博主，今日头条号《仲易谈养生》21万粉丝。","6","907175575020531712","2273","44","4969","5329","91","693","0","0","0","142","1"
"220","马自然","4.99","6600","309","https://pic3.zhimg.com/v2-e2148736903e5f4716cfce20a976b796_b.jpg","皮肤美容主诊医师：专注问题皮肤修复/脂溢性皮炎/毛孔粗大/黑头粉刺/痤疮，咨询私信我备注一下！或加我V：pfysmzr","6","857587466729816064","155161","25527","92094","65364","486","36","105","79","1","576","23"
"221","王小猫","5","10000","44","https://pic3.zhimg.com/b57cdf32a268fa3fb083167dc1e27826_b.jpg","Teach one, treat more.","6","757390128078422016","149507","27011","175563","64213","99","24","9","2","0","141","5"
"222","宁静","4.91","2500","128","https://pic3.zhimg.com/v2-eb98a96c2055b1418c517f258983a982_b.jpg","精神科医生","6","730091538419306496","110594","14885","15190","61836","2,415","2","0","3","0","179","1"
"223","刘不言","4.92","5000","134","https://pic4.zhimg.com/v2-6c7ca0dc81b6ede7f6d8b48655273a8b_b.jpg","北京协和医学院 心血管内科博士 医考教师","6","724166310224736256","198166","23575","35986","98807","252","18","2","2","0","105","5"
"224","拉丝布丁","5","4000","83","https://pic3.zhimg.com/e9537c03e_b.jpg","我是外科医生/医学顾问/医药公司产品经理，略懂医学和医疗产业。","6","723846219884937216","9791","1629","2710","14458","451","32","0","4","1","0","1"
"225","李彦德-成都牙医","5","3000","112","https://pic4.zhimg.com/v2-d60c16c76685e178961939b44c7a76db_b.jpg","圣彼得堡巴甫洛夫国立医科大学口腔医学硕士。口腔里的一切问题都给你教科书般的解答。专精智齿，种植，修复。","6","723618968056639488","4491","1217","1143","6331","1,061","3","2","1","1","445","0"
"226","营养师何思","4.94","4900","48","https://pic2.zhimg.com/v2-f3c7692cf3280abaeec6678c36497015_b.jpg","中国营养学会注册营养师，擅长减重/疾病饮食/生活习惯。曾供职汤臣倍健、薄荷健康，丁香园签约作者，丁香医生营养领域审稿人","6","723500857064185856","3189","669","2486","18362","153","8","0","6","2","50","4"
"227","西安正畸大魔王","4.94","2900","216","https://pic2.zhimg.com/v2-efab3f67f7b2181de1d29b0701e80549_b.jpg","口腔正畸医生，口腔医学博士。擅长各种牙齿矫正！最好别网络问诊，除非必要","6","723457997153509376","47692","7346","13734","43676","1,141","23","0","1","1","171","3"
"228","神经内科余医生","4.99","29800","303","https://pic1.zhimg.com/v2-8d74203093c2c8cf38bf0d89ce7ce230_b.jpg","睡不好的原因有6种，你是哪一种？","6","758791221542932480","172282","21477","39780","55372","229","213","0","0","3","619","4"
"229","李文思","5","1000","17","https://pic2.zhimg.com/v2-00d711efc4cdc8cb8ea0aee20d028871_b.jpg","复旦大学附属中山医院临床药师，复旦大学临床药学博士，曾在美国匹兹堡大学医学院进修","6","866342348886511616","4032","1779","8203","16530","157","7","0","3","0","2","3"
"230","言语治疗师Siyang","4.98","15000","54","https://pic2.zhimg.com/21cf52c3bcc7511fe2f2b49c013b324d_b.jpg","英国注册言语语言治疗师。各位请注意：有时咨询并不给我任何提醒，如果超时没有回应，请再次发起咨询。谢谢！","6","820611898419609600","6196","1710","5408","41743","23","25","0","1","1","6","0"
"231","宏桑","4.94","8800","8675","https://picb.zhimg.com/v2-b9087dd084f126d71a9bdcf9a1eb6ecf_b.jpg","国家二级心理咨询师，擅长恋爱及婚姻关系指导，知乎情感类问题167w赞同。","7","825092215155101696","3384866","1014989","4216541","975209","2,024","415","275","7","1","1653","1"
"232","袁大岛","4.93","500","16437","https://pic2.zhimg.com/c8cdf5a5b4eed4649dc1ae0500928595_b.jpg","情感纠葛、人生选择、道理分析以及事件解读有一定的处理经验。值乎推送有延迟，烦恼您耐心等待，谢谢理解！","7","726218954011328512","192448","61639","311691","94309","248","857","1","0","2","232","0"
"233","心理咨询师大萌","4.96","7800","4599","https://pic3.zhimg.com/v2-052b7eda30eb421193ef28e208986c7a_b.jpg","心理咨询师，婚恋咨询师，擅长亲密关系，人际关系，情绪管理，个人成长","7","753319691564388352","270431","82886","304641","87672","68","4","0","2","1","19","3"
"234","蔄夏","4.93","3900","1449","https://picb.zhimg.com/v2-e3740df1dc70e7895df7f6777f41e26b_b.jpg","心理以及感情方面的困扰可以问我，只希望我的回答与倾听能让你开心一些！支持微信一对一付费咨询，微信:LOVEHOLZ","7","728903928296521728","114322","16261","19653","31085","395","23","6","0","2","28","0"
"235","王漂亮","4.89","6000","375","https://pic1.zhimg.com/v2-598ec1f6781c27ab28c6725ed3ae6bf0_b.jpg","心理咨询师（calistawang）","7","734847555304710144","223211","50786","116108","159938","1,415","3","0","12","0","75","16"
"236","甲鱼","4.93","2800","818","https://pic3.zhimg.com/v2-0e21360892427f71eec1b193665e7e5a_b.jpg","凡事想开点 实际上大多事都有办法解决，比如问问我。","7","738725131286757376","1126546","86703","104612","127915","1,320","59","2","61","2","591","4"
"237","覃宇辉","4.92","6800","495","https://pic1.zhimg.com/v2-e0e6f6bf84fcca88f1c64dedf38b9d54_b.jpg","心理咨询师，武大心理学本科，宾大教育学硕士，擅长婚恋和家庭问题。注：仅回答一次,400字左右。复杂问题请私信了解心理咨询","7","723632477905625088","85646","36545","168506","560822","211","57","0","0","1","201","3"
"238","宁诗筌","4.94","3900","608","https://pic2.zhimg.com/v2-9d246491c1c13aa7b6991b96f336c669_b.jpg","心理咨询师。婚恋咨询师，擅长亲密关系，情感挽回，情绪管理，个人成长​等。（苹果手机用户先私信老师，请不要直接咨询。）","7","1006204508996788224","15651","889","464","1380","126","6","0","0","0","218","4"
"239","南柯","4.97","3500","206","https://pic1.zhimg.com/v2-482b77b09ce3524c109557deba918cb0_b.jpg","心理咨询/命理师","7","869816818380967936","42796","19532","60712","29660","62","0","0","0","0","39","0"
"240","齐眉","4.84","4900","275","https://pic4.zhimg.com/v2-d33ea68f757d9d6a455fa5dc40362c2b_b.jpg","资深情感咨询师，心理咨询师。帮助你分析问题的本质。","7","823579878166257664","622358","151475","458288","187994","975","121","45","0","1","76","2"
"241","选择明了","4.88","5000","64","https://pic3.zhimg.com/v2-83236ace9b7797061b62e0620941d516_b.jpg","国家二级心理咨询师","7","955390941725429760","762","351","548","417","1,140","31","0","0","0","1","1"
"242","曾旻Zeng Min","4.95","9900","403","https://pic3.zhimg.com/6480bb3aca0bd2fa8594685605234066_b.jpg","北师大心理学硕士，心理咨询师，擅长人际关系、亲密关系中的困惑，情绪困扰，心理创伤，学业职场压力，抑郁、焦虑等问题。","7","723184456994664448","132838","34151","131500","329428","194","55","12","11","1","283","7"
"243","阿布","4.86","9900","80","https://pic2.zhimg.com/v2-d6602fb1f005032898b97ab32e0f6dd1_b.jpg","擅亲子关系，长个人成长，亲密关系成长，情绪管理，婚姻情感诊断，亲密关系重建及信任重建。","7","843790393186353152","8222","3093","12588","9480","266","67","0","2","1","14","6"
"244","江戶浪人","5","4000","75","https://pic2.zhimg.com/v2-ce7d193398e49656e999f1bc72bc9801_b.jpg","千叶大学大学院融合理工学府博士课程","7","823215789330026496","1704","856","2155","697","37","0","0","0","0","0","1"
"245","Boyka","4.88","2600","75","https://pic2.zhimg.com/v2-7626555b98634ddfc6e6147588463541_b.jpg","情感类咨询、男生护肤化妆类咨询","7","747657519723216896","564219","167837","1274113","208558","117","31","0","0","2","7","0"
"246","凡事都有解","4.84","4900","214","https://pic2.zhimg.com/v2-776d2dfc376a7a8de0c454d40e1555b1_b.jpg","我是猫爵士，略懂恋爱，情商，人际关系和心理学，在你遇到问题时可迅速帮你理清思路","7","723586654207492096","120658","23088","283585","98553","882","755","75","10","1","900","36"
"247","白鹿师叔","4.95","9900","406","https://pic2.zhimg.com/v2-67adf872745562304ad9c47941360645_b.jpg","失恋挽回/恋爱情商提升/快速脱单/国家二级心理咨询师（大家不要看公开咨询了，语音听不到内容，无法关闭）","7","858669988230340608","10827","4498","28125","19539","91","16","0","0","1","37","0"
"248","晓老师SAMA","4.86","5000","294","https://pic4.zhimg.com/v2-c5b489b74f6f0e39d84da9c7cf558e87_b.jpg","我是晓老师，知乎两性情感，情商类目优秀答题者，点赞收藏均100000+欢迎提问","7","729868311310897152","616017","137236","808774","184908","900","792","5","0","1","16","10"
"249","韧心旎","4.93","29900","240","https://pic3.zhimg.com/v2-8174171e56cae4ce8760324e1569c872_b.jpg","美国心旎性格成长工作室首席咨询师 美国华盛顿注册心理咨询师","7","723183716859404288","53141","20076","57664","255171","34","24","11","4","1","217","1"
"250","情感专家栗子姐","4.8","5000","108","https://pic2.zhimg.com/v2-788de8a79372fd9736acb7cde32e4f39_b.jpg","国家二级心理咨询师、情感专家、微信570361716","7","735012705483632640","5260","793","872","4989","1,385","852","16","1","1","12","1"
"251","Pirarubicin-木木","4.92","2900","271","https://pic3.zhimg.com/v2-245065f491f1ab55050d8145a9b5e00a_b.jpg","私信直接问，不发私信直接问的一律拒绝，不帮忙猜他人心理","7","724513212933869568","371284","39875","32743","26340","430","0","3","6","0","74","21"
"252","柳柳老师","4.95","3700","5856","https://pica.zhimg.com/v2-8fe18e1b80e101330a722d54ce5ab80b_b.jpg","大学副教授、心理咨询师、妇联特约情感婚姻指导老师，擅长解答教育、情感、心理、婚姻家庭、职场社交等问题。","7","723558693630660608","460261","84224","218658","137570","428","22","1","1","2","168","26"
"253","倪振源","4.93","20000","31","https://pic2.zhimg.com/v2-f1adaa4e65e99fde16a4bc87529c4dd5_b.jpg","焦虑抑郁，亲密关系，人际关系，个人成长。国家二级心理咨询师。","7","838278251083333632","105549","17047","231829","107963","769","58","0","7","2","223","3"
"254","杜嘟嘟","5","9900","145","https://pic1.zhimg.com/v2-13e67cba783492f4ade24e1d431a1618_b.jpg","其实你们可以摸到我公众号：杜嘟嘟嘴很毒，在最新更新的文章下提问。几句话能解决的，点几次文末小广告就行了，我都懒得收钱。","7","819140374823055360","1403726","209514","357940","178522","4,124","6","49","8","0","5476","14"
"255","失恋睡不着","4.83","15000","23","https://pic1.zhimg.com/v2-4a963cec7c06396492deeb8e37b065bc_b.jpg","心理咨询师","7","941590975483711488","9049","4070","12640","9534","71","9","0","0","1","46","1"
"256","草头田边走员力","5","5200","51","https://pic1.zhimg.com/b79dbed00_b.jpg","致力于解决:情侣中男性为处女座的情侣之间的恋爱问题","7","935890638472376320","268","121","297","256","13","1","0","0","1","1","7"
"257","绅女","4.73","128800","15","https://pic3.zhimg.com/v2-74d840660ccc0f9e772bfc7e1105026e_b.jpg","情感挽回、恋爱咨询、家庭关系、职场规划。全五星好评","7","919211869095493632","143577","30364","92315","103533","301","14","18","0","0","92","5"
"258","电子狗","5","3900","35","https://pic3.zhimg.com/v2-495ac2cad7a762e38529632cde4f4cda_b.jpg","情感咨询~","7","851231183667855360","11246","4643","15039","8552","170","0","0","6","0","0","0"
"259","简单的艾伦","4.82","200000","23","https://pic3.zhimg.com/v2-b7be0770a22c69d0e44b4af0ec776a82_b.jpg","扫地僧","7","833706245360873472","25704","9980","36165","47841","4","0","0","4","1","53","4"
"260","阮琦","4.53","60000","15","https://pic4.zhimg.com/v2-0c2b8cfbe65e0ee8c8118514b9ead2df_b.jpg","我是阮琦，《魔鬼搭讪学》与《魔鬼约会学》的作者，特懂两性沟通。","7","725107155421642752","92624","34755","173609","102106","75","5","0","4","1","3","0"
"261","俞林鑫","4.88","6900","149","https://pic3.zhimg.com/v2-81b4a2d518f59078de596e5fe589e42a_b.jpg","国家二级心理咨询师，中国心理学会注册心理师","7","723590713169674240","163150","66671","209820","391234","362","78","0","1","2","86","5"
"262","王雪岩","4.88","10000","127","https://pic1.zhimg.com/3549825a4_b.jpg","临床时间超过一万小时。此处的提问只可以提供一些专业信息，无法提供心理咨询服务","7","723238171751489536","80322","22058","73365","355168","139","104","0","0","1","64","0"
"263","Juan","4.94","15900","503","https://pic1.zhimg.com/v2-cd5231bac9191bd4b9fb8e308083dba0_b.jpg","我是 Juan. 女孩儿权谋学大师","7","723207073877225472","306174","62934","187690","167105","378","0","0","23","1","378","0"
"264","地下室的光","4.8","5200","99","https://pic2.zhimg.com/v2-90e2b6a7d94022a5cc1bd13d220f2585_b.jpg","失恋挽回/情感分析/心理咨询 /为保障个人隐私，值乎建议匿名哦∽","7","960112785582174208","121676","42772","134659","62634","251","78","0","0","1","259","0"
"265","葛巾","4.99","4900","1058","https://pic3.zhimg.com/1dc4b5dd6_b.jpg","我是葛巾 略懂珠宝 时尚 男装 奢侈品与保险","8","723225828699164672","285659","70604","435872","794291","73","20","0","2","2","76","0"
"266","weizhi pan","4.91","2000","346","https://pic4.zhimg.com/2b7078d9b_b.jpg","CFA/ACCA持证人，前四大狗，在评级机构搬过砖，现在在保险资管做评级","8","723176677173133312","20824","6430","27502","214258","97","13","0","26","1","25","3"
"267","地产八卦男","4.98","10000","899","https://pic3.zhimg.com/9ccd78b566257dfff746456ce4deb4ba_b.jpg","戴盖伊•福克斯面具的房地产爱好者","8","753693759736143872","0","0","0","1035","0","0","0","0","0","0","0"
"268","涛哥","4.94","19900","610","https://pic2.zhimg.com/3e4ca356c5ecd7f61df1d02bfe0d637d_b.jpg","房企人力资源总监，关注地产行业趋势，解答职业发展困惑，可回复：行业走势、购房建议、职场困惑、职业规划、求职面试、公司选择","8","732986590896340992","58683","4581","81774","71856","197","456","4","1","1","119","4"
"269","房东助手","4.98","3000","1029","https://pic1.zhimg.com/v2-11ad536145fc9aa64618d7070cbbe928_b.jpg","资深房产专家，房东俱乐部主编慕容晏","8","761543338108129280","0","0","0","331","0","0","0","0","0","0","0"
"270","张大大","4.97","3300","382","https://pic1.zhimg.com/28d2da6430c4eedd6943ed804f9b72b8_b.jpg","楼市分析研究","8","756097733709791232","156851","29006","141306","91252","55","17","0","0","2","2","2"
"271","尹香武","4.96","99800","360","https://pic3.zhimg.com/v2-bcbf11d80f0ff060bb033c767e59976a_b.jpg","风向级的楼市投资家、创领级的房地产专家，“深圳地产20年20人”之一，房地产化的人、329马拉松跑者……","8","746913563104247808","23","1","5","1287","1","2","0","0","0","0","0"
"272","李明阳","5","9900","89","https://pic3.zhimg.com/v2-86ee29fa490595c294c7ec4cd2dc71a2_b.jpg","资深老矿工 区块链技术 软件工程师 职业规划 咨询请详细描述问题，单次咨询仅接受单个问题。","8","875157167664173056","173627","13815","49349","35263","1,950","43","2","11","1","7","6"
"273","纯净苍穹","4.98","2000","370","https://pic3.zhimg.com/v2-8e2f890f3ff93937cea86bdbd077083e_b.jpg","夜店、债务、餐饮相关的问题可以交流。","8","793064227777691648","975428","162681","290947","153859","1,535","114","0","26","1","682","14"
"274","蔡师傅","4.91","10000","204","https://pic4.zhimg.com/v2-bd0af75dc141cd02533827221aa8f48f_b.jpg","咨询保险要提供家庭财务信息和个人健康信息，知乎付费咨询的消息经常收不到，如长时间没有回复，请直接私信或者公众号右下角找我","8","735896961776885760","140772","16030","67471","68967","1,669","225","5","5","3","531","2"
"275","林老师咨询","4.87","19900","275","https://pic1.zhimg.com/v2-917ebc4b6741e32b8d98270a48db7024_b.jpg","清华金融硕士毕业。擅长择校、求职、创业、简历、计划书。银行投行任职。曾经跨专业保研、创业、公募基金、VC、银行对公经理","8","769245273070256128","2982","617","11051","7118","345","115","0","0","3","0","1"
"276","麦托什","4.98","1000","583","https://pic3.zhimg.com/v2-e5b46df57834eb41b28aa5e39fcdd51a_b.jpg","注册会计师、税务师，就职于税务局。从事税收工作十余年，熟悉国内各税实务问题，欢迎交流。","8","817722184880508928","241954","34276","93599","78432","958","43","0","2","1","32","1"
"277","羊迪","4.97","10000","313","https://pic3.zhimg.com/v2-3e12c966f4d250629165a5e400f45e52_b.jpg","前房产营销人，可问是否值得买、城市房价预判、购房注意事项、砍价谈判等问题","8","723634748185911296","283624","58249","194709","92886","348","120","6","116","3","853","33"
"278","褚自航","4.97","1900","313","https://pic4.zhimg.com/521f439b7a374889afa9a76a34e844bf_b.jpg","风险投资人/CFA/CPA","8","738043034058362880","100759","16919","66042","111913","494","45","4","1","2","2333","3"
"279","广羽人彡","4.97","4800","280","https://pic3.zhimg.com/36bc6f78440ee224155b9997ed887e22_b.jpg","北美精算师，用精算逻辑看保险、说产品。微信公号：保乎笔记","8","724355693615808512","22904","3102","50649","88289","209","202","5","4","1","71","0"
"280","许哲","5","1900","44","https://pic3.zhimg.com/f1febcfa6_b.jpg","我是许哲，对金融市场与经济略知一二。","8","723199097330225152","142833","11645","109426","293854","116","84","0","42","1","44","28"
"281","南小鹏","5","6900","58","https://pic4.zhimg.com/15fd854964c7fbe75076fc8d6fbe8233_b.jpg","石榴询财创始人，江苏省理财师协会秘书长，国际金融理财师（CFP），14年金融从业","8","724333816293883904","140183","7793","127423","130191","203","278","0","0","2","24","1"
"282","勇者别嚣张","5","10000","6","https://pic2.zhimg.com/6c89b7c9c985ec21a815655f16ed70fd_b.png","独立交易者","8","730576237696679936","3896","70","580","3125","79","540","0","6","1","796","3"
"283","半佛仙人","4.96","9900","521","https://pic2.zhimg.com/v2-0bba785e2b3b4038aa4cceb646b2d571_b.jpg","与征信，理财，信用卡，贷款，有关的一切，皆可问，讲具体方案~","8","723547878554865664","1616813","170048","484658","1360604","1,210","135","21","9","1","273","2"
"284","FanFanFan","4.91","34900","57","https://pic4.zhimg.com/v2-a0cfe272affb1b2ae4068a2821e3e247_b.jpg","","8","723299386615939072","1151588","141083","271347","504093","1,800","16","0","30","1","1301","0"
"285","满曰成长记","4.99","19900","1062","https://pic2.zhimg.com/v2-198dcafa9b90a13cc25919e42c260305_b.jpg","规范喂养实践者，致力解决胀气宝宝。大家阅读完专栏相关文章再咨询，效果更佳。最好不使用匿名，以便于有些特殊情况需要联系","9","819519974052859904","24967","3196","55069","46973","379","359","0","1","1","20","10"
"286","华雯婷","5","1000","232","https://pic4.zhimg.com/v2-81f9273b6711790af5c63a4c187ff6b7_b.jpg","国际认证泌乳顾问L-130278，asq儿童发育咨询师，生育健康咨询顾问，生育心理健康干预","9","792149749754114048","4604","827","6559","14151","907","84","9","4","1","51","2"
"287","翘囤奶爸","4.94","19800","33","https://pic4.zhimg.com/v2-24318600fa123b366d4ae11991c0363f_b.jpg","英语学习，英语启蒙，婴儿养育。","9","1082711598313017344","200592","51164","213905","182152","460","62","45","4","2","244","2"
"288","李老西","4.99","10000","153","https://pic3.zhimg.com/f25be4b61d975a5db32fa9e556f5dace_b.jpg","10年经验的特教老师，多年为2-8岁特殊儿童及家庭提供咨询的经验。","9","723178617084841984","66898","15038","29207","49316","164","22","0","1","1","21","2"
"289","胎儿视界","4.98","18800","46","https://pic3.zhimg.com/v2-0816b58338904833903ee6484e9815d2_b.jpg","胎儿畸形 胎儿生长发育分析","9","867721400369168384","1139","104","1718","3680","289","40","0","0","1","0","5"
"290","Cecilia","5","500","22","https://pic4.zhimg.com/v2-3a2f23c1cb182f5f055a1e02d6e97257_b.jpg","萌妈，北师大硕士，全职带两娃，0-6岁育儿咨询师","9","733329515173912576","632239","106259","451822","419580","719","118","53","11","3","474","1"
"291","KateZeng","4.85","99000","51","https://picb.zhimg.com/ef14db29d5707022a77d237e0a74328b_b.jpg","香港大学教育硕士；在美國接受AMI培訓；在香港蒙特梭利幼兒園工作多年；現居溫哥華","9","723406654049116160","61905","14609","118220","136865","46","49","0","0","1","61","9"
"292","博博de宝宝","5","1000","25","https://pic2.zhimg.com/42d7b49f6f7c9e8f5e3710803cc52f65_b.jpg","坐标瑞士的职场妈妈，儿童教育话题优秀回答者，北师大本硕法国社科院硕士。懂一点瑞士生活、工作、育儿、旅行相关。","9","837857210108379136","63139","10931","36412","34454","235","9","39","0","1","38","1"
"293","皮实妞","5","6600","1","https://pic3.zhimg.com/v2-af0c93ebaa0ca0400c0c9b92fc59e5ea_b.jpg","我不能解决你的情感或生活困惑，只有你自己才可以。","9","967172875778703360","347827","75935","291605","395799","651","22","0","1","0","104","3"
"294","向日葵伙伴郭老师","5","1000","82","https://pica.zhimg.com/v2-1d21462617a42e17136c6f5305edc387_b.jpg","","9","994715856756240384","617","95","1200","2440","134","25","0","0","1","94","0"
"295","七优","5","2000","13","https://pic3.zhimg.com/v2-18fc85cf1aae5679de51d42c4589384e_b.jpg","绘本阅读，亲子关系，幼小衔接，儿童家庭陪玩，教师个人成长","9","1111043590918320128","104939","25836","109420","188545","274","5","26","7","1","236","0"
"296","左歪","5","5000","3","https://pic1.zhimg.com/v2-cd7054e35870176e384288f6d5caed74_b.jpg","幼儿教育丨早教启蒙丨亲子阅读丨创意陪玩","9","839415680158810112","78222","20045","88553","195791","257","10","21","18","0","89","9"
"297","雪球妈妈","0","9900","0","https://pic1.zhimg.com/v2-7c1e6c2355074b9828354dc08e59796c_b.jpg","我是雪球妈妈，从事互联网行业13年，个人站长8年，当妈4年，欢迎大家向我咨询。","9","977694374511005696","205357","48775","317199","138886","1,957","183","10","11","5","205","6"
"298","米宝的爸","5","9900","4","https://pic1.zhimg.com/v2-c1705135a62e00534dbfa8dbc9fce12c_b.jpg","从爸爸的角度，孩子还可以这么教育。","9","1166677644602478592","57625","14837","81328","40303","309","22","13","5","1","32","1"
"299","诗遥一妈","0","1000","0","https://pic1.zhimg.com/v2-930fdbf416769316fa245da6ea7110b0_b.jpg","","9","861068439807221760","171581","49283","343701","254180","643","121","27","7","4","75","25"
"300","杰德皮","5","19900","12","https://pic1.zhimg.com/v2-740936db1663a266daad703e80a66388_b.jpg","公众号作者、母婴育儿博主、爱读书、爱思考","9","863180606614409216","1051","148","1627","2571","44","11","0","1","0","37","1"
"301","刘洹Burning","4.92","3900","601","https://pic4.zhimg.com/v2-6e09688d1424ca66489752020ce3319b_b.jpg","美国运动医学会减重专家，女性训练专家，提问请具体描述，一次请只问一个问题，谢谢","10","727243488218877952","193201","27556","483401","197231","355","351","50","0","1","314","2"
"302","鑫鑫还是那个鑫","5","2800","365","https://pic2.zhimg.com/v2-77db28083ba6f1cb98ec851b9bbe4e45_b.jpg","不要旁听，一次咨询就行，给出有效方案，后续有问题就都会解答。平时工作较忙，也可以直接微18225097894付费问吧。","10","934193896790036480","10969","2274","19917","18270","43","9","0","1","1","2","2"
"303","kmlover","4.97","1000","288","https://pic2.zhimg.com/6518de36bf425e2ffb7c2b80f14a62b1_b.jpg","","10","841452210951966720","218864","35822","87037","264806","623","30","1","1","0","69","2"
"304","冉苒","4.96","19900","349","https://pic3.zhimg.com/1ace0f7926d6d791b89c7fa03de9fbf6_b.jpg","美国体能协会注册体能训练专家，CommonStrength创始人","10","767410480082874368","95923","28852","190861","146110","54","63","0","0","1","19","2"
"305","梦觉","4.97","2900","141","https://pic1.zhimg.com/c69a9d540badef5fe25cc03877045ff8_b.jpg","一个不仅仅是教游泳的人，可以回答关于游泳的各种问题~","10","723608557848625152","156934","40414","213170","213805","71","169","64","8","1","50","21"
"306","老顽童","4.96","8800","180","https://pic3.zhimg.com/37964d713fbb55b70346b46dbdb2ce42_b.jpg","从事瑜伽教练培训、理疗康复。没回答八成是没在线，加微信问：156509679","10","760761395632439296","122596","20529","63866","77257","1,151","35","0","0","1","79","0"
"307","GO厂长","4.86","2800","110","https://pic1.zhimg.com/v2-a3cd767a1fb240793b1a363b12da322c_b.jpg","NSCA运动体能师 ，运动营养师，法国TEP运动员及士兵入伍测试，法国生活10年","10","1002666826718904320","140279","41707","413552","120404","89","26","4","0","2","87","1"
"308","陈柏龄","5","9900","45","https://pic1.zhimg.com/491960848_b.jpg","其实你可以摸到我的公众号「陈柏龄的酱油台」，大部分的健身问题在里面都有详细的解答。","10","723184326497308672","435079","106326","716244","869933","256","151","1","151","4","397","15"
"309","李明威","4.92","40000","240","https://pic2.zhimg.com/v2-c329dc24ef4589300a51466aac775e9d_b.jpg","非简单咨询，远程评估➕个性化视频版康复方案，指导三天，有效，实用。擅长:疼痛康复，骨盆体态矫正，脊柱侧弯，术后康复。","10","723584960602050560","459382","110652","1742689","581975","510","610","541","4","4","314","1"
"310","凯瑞瑞不高冷","4.78","1000","49","https://pic2.zhimg.com/v2-602cde32b031baaea5eced3c404200b5_b.jpg","ACE认证健身教练，拳击爱好者，街舞爱好者","10","723764240409694208","50458","14984","17367","22962","24","1","0","0","0","11","10"
"311","深蹲博士何渭斌","5","3600","36","https://pic2.zhimg.com/v2-f4918b3e8a189f106b7ff94f59f2e5d1_b.jpg","力量训练导师，多届力量举冠军","10","881717432002174976","28450","2675","5784","28211","809","25","1","6","1","38","1"
"312","陈军平","4.99","2000","71","https://pic3.zhimg.com/v2-5fbd38a645e7fd7c8a3b50018ccf1ede_b.jpg","康复治疗师
体能训练师
企业健康顾问","10","803250024451563520","8012","256","17918","18292","203","213","42","2","1","277","2"
"313","霏阳","4.93","5000","29","https://pic2.zhimg.com/v2-f6b87c042c71bdf026375c6a697b2871_b.jpg","付费问题关闭，此通道是定制计划通道","10","818252664063291392","62433","24083","126508","55941","35","11","0","1","1","24","1"
"314","营养小吕","5","1000","39","https://pic3.zhimg.com/v2-eedbfb97a50c173066fa1363dee922c6_b.jpg","我是 营养小吕，略懂 营养健康。","10","723599177199685632","16732","6380","27199","36028","285","12","0","1","1","16","2"
"315","浩指导","4.92","2900","63","https://pic2.zhimg.com/v2-9d46db22225e9378cd702a4efe66d495_b.jpg","浩指导","10","734031547866292224","65957","16656","162206","59239","116","457","55","2","4","21","0"
"316","蟹老板(谢奕炜)","5","4900","30","https://pic2.zhimg.com/v2-03074b03deab7fb6a714ca6f176d5b65_b.jpg","回答健身行业相关问题，你描述准确，那我答的也好。别问范围太大的问题 ，健身怎么练可以购买我的线上训练营。","10","723645011773620224","280661","43419","148765","146904","1,158","111","1","62","1","448","1"
"317","黄圣明","5","4900","10","https://pic3.zhimg.com/v2-0c0f436262cb1ba5e94051f41c53e77a_b.jpg","北京体育大学拳击硕士，国家一级拳击运动员，国家级拳击裁判。","10","723276525155131392","29567","5673","33124","121793","57","27","25","0","1","24","1"
